,Strike,Signal_Type,Candle_Start_Time,Candle_End_Time,Signal_Time,Signal_Price,New_Signal,Timeframe
0,NIFTY2161715800CE,-1,2021-06-16 10:50:00+05:30,2021-06-16 10:50:00+05:30,2021-06-16 10:55:00.656768,55.45,NA,5minute
1,NIFTY2161715850CE,-1,2021-06-16 10:50:00+05:30,2021-06-16 10:50:00+05:30,2021-06-16 10:55:00.893278,34.15,NA,5minute
2,NIFTY2161715900CE,-1,2021-06-16 10:50:00+05:30,2021-06-16 10:50:00+05:30,2021-06-16 10:55:01.088599,20.0,NA,5minute
3,NIFTY2161716100CE,1,2021-06-16 10:55:00+05:30,2021-06-16 10:55:00+05:30,2021-06-16 10:55:01.995217,3.25,NA,5minute
4,NIFTY2161716250CE,1,2021-06-16 10:55:00+05:30,2021-06-16 10:55:00+05:30,2021-06-16 10:55:03.062945,2.15,NA,5minute
5,NIFTY2161715500PE,1,2021-06-16 10:55:00+05:30,2021-06-16 10:55:00+05:30,2021-06-16 10:55:04.006215,5.8,NA,5minute
6,NIFTY2161715300PE,-1,2021-06-16 10:55:00+05:30,2021-06-16 10:55:00+05:30,2021-06-16 10:55:04.864811,3.1,NA,5minute
7,BANKNIFTY2161735200CE,-1,2021-06-16 10:50:00+05:30,2021-06-16 10:50:00+05:30,2021-06-16 10:55:05.409633,169.6,NA,5minute
8,BANKNIFTY2161735300CE,-1,2021-06-16 10:55:00+05:30,2021-06-16 10:55:00+05:30,2021-06-16 10:55:06.604738,129.25,NA,5minute
9,BANKNIFTY2161735400CE,-1,2021-06-16 10:50:00+05:30,2021-06-16 10:50:00+05:30,2021-06-16 10:55:07.202299,96.05,NA,5minute
10,BANKNIFTY2161735500CE,-1,2021-06-16 10:55:00+05:30,2021-06-16 10:55:00+05:30,2021-06-16 10:55:07.695981,69.4,NA,5minute
11,BANKNIFTY2161735700CE,-1,2021-06-16 10:55:00+05:30,2021-06-16 10:55:00+05:30,2021-06-16 10:55:09.026191,38.3,NA,5minute
12,BANKNIFTY2161735800CE,-1,2021-06-16 10:55:00+05:30,2021-06-16 10:55:00+05:30,2021-06-16 10:55:09.203669,28.95,NA,5minute
13,BANKNIFTY2161735900CE,-1,2021-06-16 10:55:00+05:30,2021-06-16 10:55:00+05:30,2021-06-16 10:55:09.373958,22.85,NA,5minute
14,BANKNIFTY2161736000CE,-1,2021-06-16 10:55:00+05:30,2021-06-16 10:55:00+05:30,2021-06-16 10:55:09.556709,18.7,NA,5minute
15,BANKNIFTY2161736100CE,-1,2021-06-16 10:55:00+05:30,2021-06-16 10:55:00+05:30,2021-06-16 10:55:09.777379,15.55,NA,5minute
16,BANKNIFTY2161734900PE,1,2021-06-16 10:50:00+05:30,2021-06-16 10:50:00+05:30,2021-06-16 10:55:10.166984,119.4,NA,5minute
17,BANKNIFTY2161734800PE,1,2021-06-16 10:55:00+05:30,2021-06-16 10:55:00+05:30,2021-06-16 10:55:10.378944,92.4,NA,5minute
18,BANKNIFTY2161734700PE,1,2021-06-16 10:55:00+05:30,2021-06-16 10:55:00+05:30,2021-06-16 10:55:10.570174,71.75,NA,5minute
19,BANKNIFTY2161734600PE,1,2021-06-16 10:55:00+05:30,2021-06-16 10:55:00+05:30,2021-06-16 10:55:10.773510,58.2,NA,5minute
20,BANKNIFTY2161734500PE,1,2021-06-16 10:55:00+05:30,2021-06-16 10:55:00+05:30,2021-06-16 10:55:11.010066,48.05,NA,5minute
21,BANKNIFTY2161734400PE,1,2021-06-16 10:55:00+05:30,2021-06-16 10:55:00+05:30,2021-06-16 10:55:11.209248,37.2,NA,5minute
22,BANKNIFTY2161734100PE,1,2021-06-16 10:55:00+05:30,2021-06-16 10:55:00+05:30,2021-06-16 10:55:11.888214,21.25,NA,5minute
23,NIFTY2161715800CE,-1,2021-06-16 10:55:00+05:30,2021-06-16 10:55:00+05:30,2021-06-16 11:00:00.348822,54.15,NA,5minute
24,NIFTY2161715850CE,-1,2021-06-16 10:55:00+05:30,2021-06-16 10:55:00+05:30,2021-06-16 11:00:00.543058,33.8,NA,5minute
25,NIFTY2161715900CE,-1,2021-06-16 10:55:00+05:30,2021-06-16 10:55:00+05:30,2021-06-16 11:00:00.726470,20.0,NA,5minute
26,NIFTY2161716100CE,1,2021-06-16 11:00:00+05:30,2021-06-16 11:00:00+05:30,2021-06-16 11:00:01.556467,3.4,NA,5minute
27,NIFTY2161716250CE,1,2021-06-16 11:00:00+05:30,2021-06-16 11:00:00+05:30,2021-06-16 11:00:02.179790,2.35,NA,5minute
28,NIFTY2161715600PE,1,2021-06-16 11:00:00+05:30,2021-06-16 11:00:00+05:30,2021-06-16 11:00:02.794530,10.95,NA,5minute
29,NIFTY2161715300PE,-1,2021-06-16 11:00:00+05:30,2021-06-16 11:00:00+05:30,2021-06-16 11:00:04.013474,3.0,NA,5minute
30,BANKNIFTY2161735200CE,-1,2021-06-16 10:55:00+05:30,2021-06-16 10:55:00+05:30,2021-06-16 11:00:04.562692,169.35,NA,5minute
31,BANKNIFTY2161735300CE,-1,2021-06-16 11:00:00+05:30,2021-06-16 11:00:00+05:30,2021-06-16 11:00:04.780188,128.4,NA,5minute
32,BANKNIFTY2161735500CE,-1,2021-06-16 10:55:00+05:30,2021-06-16 10:55:00+05:30,2021-06-16 11:00:05.190213,71.1,NA,5minute
33,BANKNIFTY2161735700CE,-1,2021-06-16 11:00:00+05:30,2021-06-16 11:00:00+05:30,2021-06-16 11:00:05.595285,38.1,NA,5minute
34,BANKNIFTY2161735800CE,-1,2021-06-16 11:00:00+05:30,2021-06-16 11:00:00+05:30,2021-06-16 11:00:05.825021,28.2,NA,5minute
35,BANKNIFTY2161735900CE,-1,2021-06-16 11:00:00+05:30,2021-06-16 11:00:00+05:30,2021-06-16 11:00:06.049455,22.6,NA,5minute
36,BANKNIFTY2161736000CE,-1,2021-06-16 11:00:00+05:30,2021-06-16 11:00:00+05:30,2021-06-16 11:00:06.252902,18.45,NA,5minute
37,BANKNIFTY2161734700PE,1,2021-06-16 11:00:00+05:30,2021-06-16 11:00:00+05:30,2021-06-16 11:00:07.324128,75.35,NA,5minute
38,BANKNIFTY2161734600PE,1,2021-06-16 11:00:00+05:30,2021-06-16 11:00:00+05:30,2021-06-16 11:00:07.513055,61.95,NA,5minute
39,BANKNIFTY2161734500PE,1,2021-06-16 11:00:00+05:30,2021-06-16 11:00:00+05:30,2021-06-16 11:00:07.709384,46.85,NA,5minute
40,BANKNIFTY2161734400PE,1,2021-06-16 11:00:00+05:30,2021-06-16 11:00:00+05:30,2021-06-16 11:00:07.914260,39.65,NA,5minute
41,BANKNIFTY2161734300PE,1,2021-06-16 11:00:00+05:30,2021-06-16 11:00:00+05:30,2021-06-16 11:00:08.119620,32.05,NA,5minute
42,BANKNIFTY2161734200PE,1,2021-06-16 11:00:00+05:30,2021-06-16 11:00:00+05:30,2021-06-16 11:00:08.322714,26.45,NA,5minute
43,BANKNIFTY2161734100PE,1,2021-06-16 11:00:00+05:30,2021-06-16 11:00:00+05:30,2021-06-16 11:00:08.613095,22.75,NA,5minute
44,NIFTY2161715800CE,-1,2021-06-16 10:55:00+05:30,2021-06-16 10:55:00+05:30,2021-06-16 11:00:08.973633,54.15,NA,5minute
45,NIFTY2161715850CE,-1,2021-06-16 11:00:00+05:30,2021-06-16 11:00:00+05:30,2021-06-16 11:00:09.156266,33.6,NA,5minute
46,NIFTY2161715900CE,-1,2021-06-16 10:55:00+05:30,2021-06-16 10:55:00+05:30,2021-06-16 11:00:09.358548,19.95,NA,5minute
47,NIFTY2161716100CE,1,2021-06-16 11:00:00+05:30,2021-06-16 11:00:00+05:30,2021-06-16 11:00:10.239989,3.3,NA,5minute
48,NIFTY2161716250CE,1,2021-06-16 11:00:00+05:30,2021-06-16 11:00:00+05:30,2021-06-16 11:00:10.812984,2.3,NA,5minute
49,NIFTY2161715600PE,1,2021-06-16 10:55:00+05:30,2021-06-16 10:55:00+05:30,2021-06-16 11:00:11.399655,10.8,NA,5minute
50,NIFTY2161715300PE,-1,2021-06-16 11:00:00+05:30,2021-06-16 11:00:00+05:30,2021-06-16 11:00:12.551423,3.0,NA,5minute
51,BANKNIFTY2161735200CE,-1,2021-06-16 10:55:00+05:30,2021-06-16 10:55:00+05:30,2021-06-16 11:00:13.081229,169.35,NA,5minute
52,BANKNIFTY2161735300CE,-1,2021-06-16 10:55:00+05:30,2021-06-16 10:55:00+05:30,2021-06-16 11:00:13.284323,128.35,NA,5minute
53,BANKNIFTY2161735500CE,-1,2021-06-16 10:55:00+05:30,2021-06-16 10:55:00+05:30,2021-06-16 11:00:13.681098,71.15,NA,5minute
54,BANKNIFTY2161735700CE,-1,2021-06-16 11:00:00+05:30,2021-06-16 11:00:00+05:30,2021-06-16 11:00:14.087725,37.4,NA,5minute
55,BANKNIFTY2161735800CE,-1,2021-06-16 11:00:00+05:30,2021-06-16 11:00:00+05:30,2021-06-16 11:00:14.283944,28.2,NA,5minute
56,BANKNIFTY2161735900CE,-1,2021-06-16 11:00:00+05:30,2021-06-16 11:00:00+05:30,2021-06-16 11:00:14.475275,22.6,NA,5minute
57,BANKNIFTY2161736000CE,-1,2021-06-16 11:00:00+05:30,2021-06-16 11:00:00+05:30,2021-06-16 11:00:14.667305,18.45,NA,5minute
58,BANKNIFTY2161734700PE,1,2021-06-16 11:00:00+05:30,2021-06-16 11:00:00+05:30,2021-06-16 11:00:15.594369,75.35,NA,5minute
59,BANKNIFTY2161734600PE,1,2021-06-16 11:00:00+05:30,2021-06-16 11:00:00+05:30,2021-06-16 11:00:15.862205,61.95,NA,5minute
60,BANKNIFTY2161734500PE,1,2021-06-16 11:00:00+05:30,2021-06-16 11:00:00+05:30,2021-06-16 11:00:16.053559,46.85,NA,5minute
61,BANKNIFTY2161734400PE,1,2021-06-16 11:00:00+05:30,2021-06-16 11:00:00+05:30,2021-06-16 11:00:16.249472,38.4,NA,5minute
62,BANKNIFTY2161734300PE,1,2021-06-16 11:00:00+05:30,2021-06-16 11:00:00+05:30,2021-06-16 11:00:16.454914,31.1,NA,5minute
63,BANKNIFTY2161734200PE,1,2021-06-16 11:00:00+05:30,2021-06-16 11:00:00+05:30,2021-06-16 11:00:16.681987,26.45,NA,5minute
64,BANKNIFTY2161734100PE,1,2021-06-16 11:00:00+05:30,2021-06-16 11:00:00+05:30,2021-06-16 11:00:16.864972,22.75,NA,5minute
,Strike,Signal_Type,Candle_Start_Time,Candle_End_Time,Signal_Time,Signal_Price,New_Signal,Timeframe
0,NIFTY2161715800CE,-1,2021-06-16 11:00:00+05:30,2021-06-16 11:00:00+05:30,2021-06-16 11:05:00.389707,57.6,NA,5minute
1,NIFTY2161715850CE,-1,2021-06-16 11:00:00+05:30,2021-06-16 11:00:00+05:30,2021-06-16 11:05:00.588266,35.9,NA,5minute
2,NIFTY2161715900CE,-1,2021-06-16 11:00:00+05:30,2021-06-16 11:00:00+05:30,2021-06-16 11:05:00.790355,21.1,NA,5minute
3,NIFTY2161716050CE,-1,2021-06-16 11:05:00+05:30,2021-06-16 11:05:00+05:30,2021-06-16 11:05:01.392644,4.1,NA,5minute
4,NIFTY2161716250CE,1,2021-06-16 11:05:00+05:30,2021-06-16 11:05:00+05:30,2021-06-16 11:05:02.222887,2.1,NA,5minute
5,NIFTY2161715700PE,1,2021-06-16 11:00:00+05:30,2021-06-16 11:00:00+05:30,2021-06-16 11:05:02.439857,23.6,NA,5minute
6,NIFTY2161715550PE,-1,2021-06-16 11:05:00+05:30,2021-06-16 11:05:00+05:30,2021-06-16 11:05:03.024460,6.15,NA,5minute
7,NIFTY2161715400PE,-1,2021-06-16 11:05:00+05:30,2021-06-16 11:05:00+05:30,2021-06-16 11:05:03.678523,3.55,NA,5minute
8,NIFTY2161715300PE,-1,2021-06-16 11:05:00+05:30,2021-06-16 11:05:00+05:30,2021-06-16 11:05:04.063528,2.8,NA,5minute
9,BANKNIFTY2161735200CE,-1,2021-06-16 11:00:00+05:30,2021-06-16 11:00:00+05:30,2021-06-16 11:05:04.616840,180.85,NA,5minute
10,BANKNIFTY2161735300CE,-1,2021-06-16 11:00:00+05:30,2021-06-16 11:00:00+05:30,2021-06-16 11:05:04.820849,138.0,NA,5minute
11,BANKNIFTY2161735500CE,-1,2021-06-16 11:00:00+05:30,2021-06-16 11:00:00+05:30,2021-06-16 11:05:05.214670,76.45,NA,5minute
12,BANKNIFTY2161735600CE,-1,2021-06-16 11:00:00+05:30,2021-06-16 11:00:00+05:30,2021-06-16 11:05:05.400124,55.5,NA,5minute
13,BANKNIFTY2161735700CE,-1,2021-06-16 11:05:00+05:30,2021-06-16 11:05:00+05:30,2021-06-16 11:05:05.609110,40.7,NA,5minute
14,BANKNIFTY2161735800CE,-1,2021-06-16 11:05:00+05:30,2021-06-16 11:05:00+05:30,2021-06-16 11:05:05.819338,30.6,NA,5minute
15,BANKNIFTY2161736000CE,-1,2021-06-16 11:05:00+05:30,2021-06-16 11:05:00+05:30,2021-06-16 11:05:06.241902,19.6,NA,5minute
16,BANKNIFTY2161734700PE,1,2021-06-16 11:05:00+05:30,2021-06-16 11:05:00+05:30,2021-06-16 11:05:07.214891,63.65,NA,5minute
17,BANKNIFTY2161734600PE,1,2021-06-16 11:05:00+05:30,2021-06-16 11:05:00+05:30,2021-06-16 11:05:07.394741,50.7,NA,5minute
,Strike,Signal_Type,Candle_Start_Time,Candle_End_Time,Signal_Time,Signal_Price,New_Signal,Timeframe
0,NIFTY2161715800CE,-1,2021-06-16 11:00:00+05:30,2021-06-16 11:00:00+05:30,2021-06-16 11:05:00.389707,57.6,NA,5minute
1,NIFTY2161715850CE,-1,2021-06-16 11:00:00+05:30,2021-06-16 11:00:00+05:30,2021-06-16 11:05:00.588266,35.9,NA,5minute
2,NIFTY2161715900CE,-1,2021-06-16 11:00:00+05:30,2021-06-16 11:00:00+05:30,2021-06-16 11:05:00.790355,21.1,NA,5minute
3,NIFTY2161716050CE,-1,2021-06-16 11:05:00+05:30,2021-06-16 11:05:00+05:30,2021-06-16 11:05:01.392644,4.1,NA,5minute
4,NIFTY2161716250CE,1,2021-06-16 11:05:00+05:30,2021-06-16 11:05:00+05:30,2021-06-16 11:05:02.222887,2.1,NA,5minute
5,NIFTY2161715700PE,1,2021-06-16 11:00:00+05:30,2021-06-16 11:00:00+05:30,2021-06-16 11:05:02.439857,23.6,NA,5minute
6,NIFTY2161715550PE,-1,2021-06-16 11:05:00+05:30,2021-06-16 11:05:00+05:30,2021-06-16 11:05:03.024460,6.15,NA,5minute
7,NIFTY2161715400PE,-1,2021-06-16 11:05:00+05:30,2021-06-16 11:05:00+05:30,2021-06-16 11:05:03.678523,3.55,NA,5minute
8,NIFTY2161715300PE,-1,2021-06-16 11:05:00+05:30,2021-06-16 11:05:00+05:30,2021-06-16 11:05:04.063528,2.8,NA,5minute
9,BANKNIFTY2161735200CE,-1,2021-06-16 11:00:00+05:30,2021-06-16 11:00:00+05:30,2021-06-16 11:05:04.616840,180.85,NA,5minute
10,BANKNIFTY2161735300CE,-1,2021-06-16 11:00:00+05:30,2021-06-16 11:00:00+05:30,2021-06-16 11:05:04.820849,138.0,NA,5minute
11,BANKNIFTY2161735500CE,-1,2021-06-16 11:00:00+05:30,2021-06-16 11:00:00+05:30,2021-06-16 11:05:05.214670,76.45,NA,5minute
12,BANKNIFTY2161735600CE,-1,2021-06-16 11:00:00+05:30,2021-06-16 11:00:00+05:30,2021-06-16 11:05:05.400124,55.5,NA,5minute
13,BANKNIFTY2161735700CE,-1,2021-06-16 11:05:00+05:30,2021-06-16 11:05:00+05:30,2021-06-16 11:05:05.609110,40.7,NA,5minute
14,BANKNIFTY2161735800CE,-1,2021-06-16 11:05:00+05:30,2021-06-16 11:05:00+05:30,2021-06-16 11:05:05.819338,30.6,NA,5minute
15,BANKNIFTY2161736000CE,-1,2021-06-16 11:05:00+05:30,2021-06-16 11:05:00+05:30,2021-06-16 11:05:06.241902,19.6,NA,5minute
16,BANKNIFTY2161734700PE,1,2021-06-16 11:05:00+05:30,2021-06-16 11:05:00+05:30,2021-06-16 11:05:07.214891,63.65,NA,5minute
17,BANKNIFTY2161734600PE,1,2021-06-16 11:05:00+05:30,2021-06-16 11:05:00+05:30,2021-06-16 11:05:07.394741,50.7,NA,5minute
18,NIFTY2161715800CE,-1,2021-06-16 11:00:00+05:30,2021-06-16 11:00:00+05:30,2021-06-16 11:05:08.800060,57.6,NA,5minute
19,NIFTY2161715850CE,-1,2021-06-16 11:00:00+05:30,2021-06-16 11:00:00+05:30,2021-06-16 11:05:09.016938,35.9,NA,5minute
20,NIFTY2161715900CE,-1,2021-06-16 11:00:00+05:30,2021-06-16 11:00:00+05:30,2021-06-16 11:05:09.202457,21.1,NA,5minute
21,NIFTY2161716050CE,-1,2021-06-16 11:05:00+05:30,2021-06-16 11:05:00+05:30,2021-06-16 11:05:09.946246,4.15,NA,5minute
22,NIFTY2161716250CE,1,2021-06-16 11:05:00+05:30,2021-06-16 11:05:00+05:30,2021-06-16 11:05:10.706291,2.1,NA,5minute
23,NIFTY2161715700PE,1,2021-06-16 11:00:00+05:30,2021-06-16 11:00:00+05:30,2021-06-16 11:05:10.884490,23.6,NA,5minute
24,NIFTY2161715550PE,-1,2021-06-16 11:05:00+05:30,2021-06-16 11:05:00+05:30,2021-06-16 11:05:11.469720,6.1,NA,5minute
25,NIFTY2161715400PE,-1,2021-06-16 11:05:00+05:30,2021-06-16 11:05:00+05:30,2021-06-16 11:05:12.173018,3.55,NA,5minute
26,NIFTY2161715300PE,-1,2021-06-16 11:05:00+05:30,2021-06-16 11:05:00+05:30,2021-06-16 11:05:12.569684,2.8,NA,5minute
27,BANKNIFTY2161735200CE,-1,2021-06-16 11:00:00+05:30,2021-06-16 11:00:00+05:30,2021-06-16 11:05:13.071820,180.85,NA,5minute
28,BANKNIFTY2161735300CE,-1,2021-06-16 11:00:00+05:30,2021-06-16 11:00:00+05:30,2021-06-16 11:05:13.265704,138.5,NA,5minute
29,BANKNIFTY2161735500CE,-1,2021-06-16 11:00:00+05:30,2021-06-16 11:00:00+05:30,2021-06-16 11:05:13.707467,76.45,NA,5minute
30,BANKNIFTY2161735600CE,-1,2021-06-16 11:00:00+05:30,2021-06-16 11:00:00+05:30,2021-06-16 11:05:13.895202,55.5,NA,5minute
31,BANKNIFTY2161735700CE,-1,2021-06-16 11:05:00+05:30,2021-06-16 11:05:00+05:30,2021-06-16 11:05:14.121816,40.35,NA,5minute
32,BANKNIFTY2161735800CE,-1,2021-06-16 11:05:00+05:30,2021-06-16 11:05:00+05:30,2021-06-16 11:05:14.337192,30.55,NA,5minute
33,BANKNIFTY2161736000CE,-1,2021-06-16 11:05:00+05:30,2021-06-16 11:05:00+05:30,2021-06-16 11:05:14.709475,19.6,NA,5minute
34,BANKNIFTY2161734700PE,1,2021-06-16 11:05:00+05:30,2021-06-16 11:05:00+05:30,2021-06-16 11:05:15.730102,64.15,NA,5minute
0,NIFTY2161715800CE,-1,2021-06-16 11:05:00+05:30,2021-06-16 11:05:00+05:30,2021-06-16 11:10:00.382110,58.25,NA,5minute
1,NIFTY2161715850CE,-1,2021-06-16 11:05:00+05:30,2021-06-16 11:05:00+05:30,2021-06-16 11:10:00.579498,36.3,NA,5minute
2,NIFTY2161715900CE,-1,2021-06-16 11:05:00+05:30,2021-06-16 11:05:00+05:30,2021-06-16 11:10:00.767879,20.85,NA,5minute
3,NIFTY2161716250CE,1,2021-06-16 11:10:00+05:30,2021-06-16 11:10:00+05:30,2021-06-16 11:10:02.312187,2.0,NA,5minute
4,NIFTY2161715650PE,1,2021-06-16 11:10:00+05:30,2021-06-16 11:10:00+05:30,2021-06-16 11:10:02.685906,14.75,NA,5minute
5,NIFTY2161715550PE,-1,2021-06-16 11:10:00+05:30,2021-06-16 11:10:00+05:30,2021-06-16 11:10:03.081928,6.2,NA,5minute
6,NIFTY2161715450PE,-1,2021-06-16 11:10:00+05:30,2021-06-16 11:10:00+05:30,2021-06-16 11:10:03.467018,3.95,NA,5minute
7,NIFTY2161715300PE,-1,2021-06-16 11:10:00+05:30,2021-06-16 11:10:00+05:30,2021-06-16 11:10:04.064367,2.75,NA,5minute
8,BANKNIFTY2161735200CE,-1,2021-06-16 11:10:00+05:30,2021-06-16 11:10:00+05:30,2021-06-16 11:10:04.581027,178.05,NA,5minute
9,BANKNIFTY2161735300CE,-1,2021-06-16 11:05:00+05:30,2021-06-16 11:05:00+05:30,2021-06-16 11:10:04.771999,137.0,NA,5minute
10,BANKNIFTY2161735500CE,-1,2021-06-16 11:05:00+05:30,2021-06-16 11:05:00+05:30,2021-06-16 11:10:05.138054,76.05,NA,5minute
11,BANKNIFTY2161735600CE,-1,2021-06-16 11:10:00+05:30,2021-06-16 11:10:00+05:30,2021-06-16 11:10:05.357270,54.95,NA,5minute
12,BANKNIFTY2161735700CE,-1,2021-06-16 11:10:00+05:30,2021-06-16 11:10:00+05:30,2021-06-16 11:10:05.535233,40.1,NA,5minute
13,BANKNIFTY2161735800CE,-1,2021-06-16 11:10:00+05:30,2021-06-16 11:10:00+05:30,2021-06-16 11:10:05.709744,30.15,NA,5minute
14,BANKNIFTY2161736000CE,-1,2021-06-16 11:05:00+05:30,2021-06-16 11:05:00+05:30,2021-06-16 11:10:06.092352,19.2,NA,5minute
15,BANKNIFTY2161735000PE,1,2021-06-16 11:05:00+05:30,2021-06-16 11:05:00+05:30,2021-06-16 11:10:06.480379,143.85,NA,5minute
16,BANKNIFTY2161734600PE,1,2021-06-16 11:10:00+05:30,2021-06-16 11:10:00+05:30,2021-06-16 11:10:07.249712,50.9,NA,5minute
0,NIFTY2161715800CE,-1,2021-06-16 11:05:00+05:30,2021-06-16 11:05:00+05:30,2021-06-16 11:10:00.382110,58.25,NA,5minute
1,NIFTY2161715850CE,-1,2021-06-16 11:05:00+05:30,2021-06-16 11:05:00+05:30,2021-06-16 11:10:00.579498,36.3,NA,5minute
2,NIFTY2161715900CE,-1,2021-06-16 11:05:00+05:30,2021-06-16 11:05:00+05:30,2021-06-16 11:10:00.767879,20.85,NA,5minute
3,NIFTY2161716250CE,1,2021-06-16 11:10:00+05:30,2021-06-16 11:10:00+05:30,2021-06-16 11:10:02.312187,2.0,NA,5minute
4,NIFTY2161715650PE,1,2021-06-16 11:10:00+05:30,2021-06-16 11:10:00+05:30,2021-06-16 11:10:02.685906,14.75,NA,5minute
5,NIFTY2161715550PE,-1,2021-06-16 11:10:00+05:30,2021-06-16 11:10:00+05:30,2021-06-16 11:10:03.081928,6.2,NA,5minute
6,NIFTY2161715450PE,-1,2021-06-16 11:10:00+05:30,2021-06-16 11:10:00+05:30,2021-06-16 11:10:03.467018,3.95,NA,5minute
7,NIFTY2161715300PE,-1,2021-06-16 11:10:00+05:30,2021-06-16 11:10:00+05:30,2021-06-16 11:10:04.064367,2.75,NA,5minute
8,BANKNIFTY2161735200CE,-1,2021-06-16 11:10:00+05:30,2021-06-16 11:10:00+05:30,2021-06-16 11:10:04.581027,178.05,NA,5minute
9,BANKNIFTY2161735300CE,-1,2021-06-16 11:05:00+05:30,2021-06-16 11:05:00+05:30,2021-06-16 11:10:04.771999,137.0,NA,5minute
10,BANKNIFTY2161735500CE,-1,2021-06-16 11:05:00+05:30,2021-06-16 11:05:00+05:30,2021-06-16 11:10:05.138054,76.05,NA,5minute
11,BANKNIFTY2161735600CE,-1,2021-06-16 11:10:00+05:30,2021-06-16 11:10:00+05:30,2021-06-16 11:10:05.357270,54.95,NA,5minute
12,BANKNIFTY2161735700CE,-1,2021-06-16 11:10:00+05:30,2021-06-16 11:10:00+05:30,2021-06-16 11:10:05.535233,40.1,NA,5minute
13,BANKNIFTY2161735800CE,-1,2021-06-16 11:10:00+05:30,2021-06-16 11:10:00+05:30,2021-06-16 11:10:05.709744,30.15,NA,5minute
14,BANKNIFTY2161736000CE,-1,2021-06-16 11:05:00+05:30,2021-06-16 11:05:00+05:30,2021-06-16 11:10:06.092352,19.2,NA,5minute
15,BANKNIFTY2161735000PE,1,2021-06-16 11:05:00+05:30,2021-06-16 11:05:00+05:30,2021-06-16 11:10:06.480379,143.85,NA,5minute
16,BANKNIFTY2161734600PE,1,2021-06-16 11:10:00+05:30,2021-06-16 11:10:00+05:30,2021-06-16 11:10:07.249712,50.9,NA,5minute
17,NIFTY2161715800CE,-1,2021-06-16 11:05:00+05:30,2021-06-16 11:05:00+05:30,2021-06-16 11:10:08.504389,58.05,NA,5minute
18,NIFTY2161715850CE,-1,2021-06-16 11:10:00+05:30,2021-06-16 11:10:00+05:30,2021-06-16 11:10:08.683856,36.05,NA,5minute
19,NIFTY2161715900CE,-1,2021-06-16 11:10:00+05:30,2021-06-16 11:10:00+05:30,2021-06-16 11:10:08.871902,20.85,NA,5minute
20,NIFTY2161716250CE,1,2021-06-16 11:10:00+05:30,2021-06-16 11:10:00+05:30,2021-06-16 11:10:10.230848,2.0,NA,5minute
21,NIFTY2161715650PE,1,2021-06-16 11:10:00+05:30,2021-06-16 11:10:00+05:30,2021-06-16 11:10:10.627894,14.75,NA,5minute
22,NIFTY2161715550PE,-1,2021-06-16 11:10:00+05:30,2021-06-16 11:10:00+05:30,2021-06-16 11:10:11.017621,6.15,NA,5minute
23,NIFTY2161715450PE,-1,2021-06-16 11:10:00+05:30,2021-06-16 11:10:00+05:30,2021-06-16 11:10:11.417453,3.95,NA,5minute
24,NIFTY2161715300PE,-1,2021-06-16 11:10:00+05:30,2021-06-16 11:10:00+05:30,2021-06-16 11:10:12.008954,2.75,NA,5minute
25,BANKNIFTY2161735200CE,-1,2021-06-16 11:10:00+05:30,2021-06-16 11:10:00+05:30,2021-06-16 11:10:12.644293,178.05,NA,5minute
26,BANKNIFTY2161735300CE,-1,2021-06-16 11:05:00+05:30,2021-06-16 11:05:00+05:30,2021-06-16 11:10:12.853229,137.0,NA,5minute
27,BANKNIFTY2161735500CE,-1,2021-06-16 11:10:00+05:30,2021-06-16 11:10:00+05:30,2021-06-16 11:10:13.252716,75.4,NA,5minute
28,BANKNIFTY2161735600CE,-1,2021-06-16 11:10:00+05:30,2021-06-16 11:10:00+05:30,2021-06-16 11:10:13.439580,54.95,NA,5minute
29,BANKNIFTY2161735700CE,-1,2021-06-16 11:05:00+05:30,2021-06-16 11:05:00+05:30,2021-06-16 11:10:13.627992,40.65,NA,5minute
30,BANKNIFTY2161735800CE,-1,2021-06-16 11:10:00+05:30,2021-06-16 11:10:00+05:30,2021-06-16 11:10:13.824801,30.2,NA,5minute
31,BANKNIFTY2161736000CE,-1,2021-06-16 11:05:00+05:30,2021-06-16 11:05:00+05:30,2021-06-16 11:10:14.190283,19.2,NA,5minute
32,BANKNIFTY2161735000PE,1,2021-06-16 11:05:00+05:30,2021-06-16 11:05:00+05:30,2021-06-16 11:10:14.571800,143.8,NA,5minute
33,BANKNIFTY2161734600PE,1,2021-06-16 11:10:00+05:30,2021-06-16 11:10:00+05:30,2021-06-16 11:10:15.314733,50.9,NA,5minute
0,NIFTY2161715800CE,-1,2021-06-16 11:05:00+05:30,2021-06-16 11:05:00+05:30,2021-06-16 11:10:00.382110,58.25,NA,5minute
1,NIFTY2161715850CE,-1,2021-06-16 11:05:00+05:30,2021-06-16 11:05:00+05:30,2021-06-16 11:10:00.579498,36.3,NA,5minute
2,NIFTY2161715900CE,-1,2021-06-16 11:05:00+05:30,2021-06-16 11:05:00+05:30,2021-06-16 11:10:00.767879,20.85,NA,5minute
3,NIFTY2161716250CE,1,2021-06-16 11:10:00+05:30,2021-06-16 11:10:00+05:30,2021-06-16 11:10:02.312187,2.0,NA,5minute
4,NIFTY2161715650PE,1,2021-06-16 11:10:00+05:30,2021-06-16 11:10:00+05:30,2021-06-16 11:10:02.685906,14.75,NA,5minute
5,NIFTY2161715550PE,-1,2021-06-16 11:10:00+05:30,2021-06-16 11:10:00+05:30,2021-06-16 11:10:03.081928,6.2,NA,5minute
6,NIFTY2161715450PE,-1,2021-06-16 11:10:00+05:30,2021-06-16 11:10:00+05:30,2021-06-16 11:10:03.467018,3.95,NA,5minute
7,NIFTY2161715300PE,-1,2021-06-16 11:10:00+05:30,2021-06-16 11:10:00+05:30,2021-06-16 11:10:04.064367,2.75,NA,5minute
8,BANKNIFTY2161735200CE,-1,2021-06-16 11:10:00+05:30,2021-06-16 11:10:00+05:30,2021-06-16 11:10:04.581027,178.05,NA,5minute
9,BANKNIFTY2161735300CE,-1,2021-06-16 11:05:00+05:30,2021-06-16 11:05:00+05:30,2021-06-16 11:10:04.771999,137.0,NA,5minute
10,BANKNIFTY2161735500CE,-1,2021-06-16 11:05:00+05:30,2021-06-16 11:05:00+05:30,2021-06-16 11:10:05.138054,76.05,NA,5minute
11,BANKNIFTY2161735600CE,-1,2021-06-16 11:10:00+05:30,2021-06-16 11:10:00+05:30,2021-06-16 11:10:05.357270,54.95,NA,5minute
12,BANKNIFTY2161735700CE,-1,2021-06-16 11:10:00+05:30,2021-06-16 11:10:00+05:30,2021-06-16 11:10:05.535233,40.1,NA,5minute
13,BANKNIFTY2161735800CE,-1,2021-06-16 11:10:00+05:30,2021-06-16 11:10:00+05:30,2021-06-16 11:10:05.709744,30.15,NA,5minute
14,BANKNIFTY2161736000CE,-1,2021-06-16 11:05:00+05:30,2021-06-16 11:05:00+05:30,2021-06-16 11:10:06.092352,19.2,NA,5minute
15,BANKNIFTY2161735000PE,1,2021-06-16 11:05:00+05:30,2021-06-16 11:05:00+05:30,2021-06-16 11:10:06.480379,143.85,NA,5minute
16,BANKNIFTY2161734600PE,1,2021-06-16 11:10:00+05:30,2021-06-16 11:10:00+05:30,2021-06-16 11:10:07.249712,50.9,NA,5minute
17,NIFTY2161715800CE,-1,2021-06-16 11:05:00+05:30,2021-06-16 11:05:00+05:30,2021-06-16 11:10:08.504389,58.05,NA,5minute
18,NIFTY2161715850CE,-1,2021-06-16 11:10:00+05:30,2021-06-16 11:10:00+05:30,2021-06-16 11:10:08.683856,36.05,NA,5minute
19,NIFTY2161715900CE,-1,2021-06-16 11:10:00+05:30,2021-06-16 11:10:00+05:30,2021-06-16 11:10:08.871902,20.85,NA,5minute
20,NIFTY2161716250CE,1,2021-06-16 11:10:00+05:30,2021-06-16 11:10:00+05:30,2021-06-16 11:10:10.230848,2.0,NA,5minute
21,NIFTY2161715650PE,1,2021-06-16 11:10:00+05:30,2021-06-16 11:10:00+05:30,2021-06-16 11:10:10.627894,14.75,NA,5minute
22,NIFTY2161715550PE,-1,2021-06-16 11:10:00+05:30,2021-06-16 11:10:00+05:30,2021-06-16 11:10:11.017621,6.15,NA,5minute
23,NIFTY2161715450PE,-1,2021-06-16 11:10:00+05:30,2021-06-16 11:10:00+05:30,2021-06-16 11:10:11.417453,3.95,NA,5minute
24,NIFTY2161715300PE,-1,2021-06-16 11:10:00+05:30,2021-06-16 11:10:00+05:30,2021-06-16 11:10:12.008954,2.75,NA,5minute
25,BANKNIFTY2161735200CE,-1,2021-06-16 11:10:00+05:30,2021-06-16 11:10:00+05:30,2021-06-16 11:10:12.644293,178.05,NA,5minute
26,BANKNIFTY2161735300CE,-1,2021-06-16 11:05:00+05:30,2021-06-16 11:05:00+05:30,2021-06-16 11:10:12.853229,137.0,NA,5minute
27,BANKNIFTY2161735500CE,-1,2021-06-16 11:10:00+05:30,2021-06-16 11:10:00+05:30,2021-06-16 11:10:13.252716,75.4,NA,5minute
28,BANKNIFTY2161735600CE,-1,2021-06-16 11:10:00+05:30,2021-06-16 11:10:00+05:30,2021-06-16 11:10:13.439580,54.95,NA,5minute
29,BANKNIFTY2161735700CE,-1,2021-06-16 11:05:00+05:30,2021-06-16 11:05:00+05:30,2021-06-16 11:10:13.627992,40.65,NA,5minute
30,BANKNIFTY2161735800CE,-1,2021-06-16 11:10:00+05:30,2021-06-16 11:10:00+05:30,2021-06-16 11:10:13.824801,30.2,NA,5minute
31,BANKNIFTY2161736000CE,-1,2021-06-16 11:05:00+05:30,2021-06-16 11:05:00+05:30,2021-06-16 11:10:14.190283,19.2,NA,5minute
32,BANKNIFTY2161735000PE,1,2021-06-16 11:05:00+05:30,2021-06-16 11:05:00+05:30,2021-06-16 11:10:14.571800,143.8,NA,5minute
33,BANKNIFTY2161734600PE,1,2021-06-16 11:10:00+05:30,2021-06-16 11:10:00+05:30,2021-06-16 11:10:15.314733,50.9,NA,5minute
34,NIFTY2161715800CE,-1,2021-06-16 11:10:00+05:30,2021-06-16 11:10:00+05:30,2021-06-16 11:15:00.322538,55.95,NA,5minute
35,NIFTY2161715850CE,-1,2021-06-16 11:10:00+05:30,2021-06-16 11:10:00+05:30,2021-06-16 11:15:00.502091,34.95,NA,5minute
36,NIFTY2161715900CE,-1,2021-06-16 11:15:00+05:30,2021-06-16 11:15:00+05:30,2021-06-16 11:15:00.706157,20.3,NA,5minute
37,NIFTY2161716000CE,-1,2021-06-16 11:15:00+05:30,2021-06-16 11:15:00+05:30,2021-06-16 11:15:01.082395,6.25,NA,5minute
38,NIFTY2161716250CE,1,2021-06-16 11:15:00+05:30,2021-06-16 11:15:00+05:30,2021-06-16 11:15:02.033528,2.0,NA,5minute
39,NIFTY2161715700PE,1,2021-06-16 11:15:00+05:30,2021-06-16 11:15:00+05:30,2021-06-16 11:15:02.224404,26.1,NA,5minute
40,NIFTY2161715550PE,-1,2021-06-16 11:15:00+05:30,2021-06-16 11:15:00+05:30,2021-06-16 11:15:02.777009,6.4,NA,5minute
41,NIFTY2161715300PE,-1,2021-06-16 11:15:00+05:30,2021-06-16 11:15:00+05:30,2021-06-16 11:15:03.711919,2.7,NA,5minute
42,BANKNIFTY2161735200CE,-1,2021-06-16 11:10:00+05:30,2021-06-16 11:10:00+05:30,2021-06-16 11:15:04.235030,176.55,NA,5minute
43,BANKNIFTY2161735300CE,-1,2021-06-16 11:10:00+05:30,2021-06-16 11:10:00+05:30,2021-06-16 11:15:04.423400,135.1,NA,5minute
44,BANKNIFTY2161735500CE,-1,2021-06-16 11:15:00+05:30,2021-06-16 11:15:00+05:30,2021-06-16 11:15:04.799340,74.7,NA,5minute
45,BANKNIFTY2161735600CE,-1,2021-06-16 11:15:00+05:30,2021-06-16 11:15:00+05:30,2021-06-16 11:15:04.979728,54.2,NA,5minute
46,BANKNIFTY2161735700CE,-1,2021-06-16 11:15:00+05:30,2021-06-16 11:15:00+05:30,2021-06-16 11:15:05.160411,40.15,NA,5minute
47,BANKNIFTY2161735800CE,-1,2021-06-16 11:15:00+05:30,2021-06-16 11:15:00+05:30,2021-06-16 11:15:05.354690,29.9,NA,5minute
48,BANKNIFTY2161736000CE,-1,2021-06-16 11:15:00+05:30,2021-06-16 11:15:00+05:30,2021-06-16 11:15:05.710620,19.05,NA,5minute
49,BANKNIFTY2161734600PE,1,2021-06-16 11:15:00+05:30,2021-06-16 11:15:00+05:30,2021-06-16 11:15:06.847067,53.45,NA,5minute
50,BANKNIFTY2161734500PE,1,2021-06-16 11:10:00+05:30,2021-06-16 11:10:00+05:30,2021-06-16 11:15:07.050000,42.45,NA,5minute
51,BANKNIFTY2161734300PE,1,2021-06-16 11:10:00+05:30,2021-06-16 11:10:00+05:30,2021-06-16 11:15:07.435345,27.7,NA,5minute
52,BANKNIFTY2161734200PE,1,2021-06-16 11:15:00+05:30,2021-06-16 11:15:00+05:30,2021-06-16 11:15:07.613038,23.2,NA,5minute
0,NIFTY2161715800CE,-1,2021-06-16 11:05:00+05:30,2021-06-16 11:05:00+05:30,2021-06-16 11:10:00.382110,58.25,NA,5minute
1,NIFTY2161715850CE,-1,2021-06-16 11:05:00+05:30,2021-06-16 11:05:00+05:30,2021-06-16 11:10:00.579498,36.3,NA,5minute
2,NIFTY2161715900CE,-1,2021-06-16 11:05:00+05:30,2021-06-16 11:05:00+05:30,2021-06-16 11:10:00.767879,20.85,NA,5minute
3,NIFTY2161716250CE,1,2021-06-16 11:10:00+05:30,2021-06-16 11:10:00+05:30,2021-06-16 11:10:02.312187,2.0,NA,5minute
4,NIFTY2161715650PE,1,2021-06-16 11:10:00+05:30,2021-06-16 11:10:00+05:30,2021-06-16 11:10:02.685906,14.75,NA,5minute
5,NIFTY2161715550PE,-1,2021-06-16 11:10:00+05:30,2021-06-16 11:10:00+05:30,2021-06-16 11:10:03.081928,6.2,NA,5minute
6,NIFTY2161715450PE,-1,2021-06-16 11:10:00+05:30,2021-06-16 11:10:00+05:30,2021-06-16 11:10:03.467018,3.95,NA,5minute
7,NIFTY2161715300PE,-1,2021-06-16 11:10:00+05:30,2021-06-16 11:10:00+05:30,2021-06-16 11:10:04.064367,2.75,NA,5minute
8,BANKNIFTY2161735200CE,-1,2021-06-16 11:10:00+05:30,2021-06-16 11:10:00+05:30,2021-06-16 11:10:04.581027,178.05,NA,5minute
9,BANKNIFTY2161735300CE,-1,2021-06-16 11:05:00+05:30,2021-06-16 11:05:00+05:30,2021-06-16 11:10:04.771999,137.0,NA,5minute
10,BANKNIFTY2161735500CE,-1,2021-06-16 11:05:00+05:30,2021-06-16 11:05:00+05:30,2021-06-16 11:10:05.138054,76.05,NA,5minute
11,BANKNIFTY2161735600CE,-1,2021-06-16 11:10:00+05:30,2021-06-16 11:10:00+05:30,2021-06-16 11:10:05.357270,54.95,NA,5minute
12,BANKNIFTY2161735700CE,-1,2021-06-16 11:10:00+05:30,2021-06-16 11:10:00+05:30,2021-06-16 11:10:05.535233,40.1,NA,5minute
13,BANKNIFTY2161735800CE,-1,2021-06-16 11:10:00+05:30,2021-06-16 11:10:00+05:30,2021-06-16 11:10:05.709744,30.15,NA,5minute
14,BANKNIFTY2161736000CE,-1,2021-06-16 11:05:00+05:30,2021-06-16 11:05:00+05:30,2021-06-16 11:10:06.092352,19.2,NA,5minute
15,BANKNIFTY2161735000PE,1,2021-06-16 11:05:00+05:30,2021-06-16 11:05:00+05:30,2021-06-16 11:10:06.480379,143.85,NA,5minute
16,BANKNIFTY2161734600PE,1,2021-06-16 11:10:00+05:30,2021-06-16 11:10:00+05:30,2021-06-16 11:10:07.249712,50.9,NA,5minute
17,NIFTY2161715800CE,-1,2021-06-16 11:05:00+05:30,2021-06-16 11:05:00+05:30,2021-06-16 11:10:08.504389,58.05,NA,5minute
18,NIFTY2161715850CE,-1,2021-06-16 11:10:00+05:30,2021-06-16 11:10:00+05:30,2021-06-16 11:10:08.683856,36.05,NA,5minute
19,NIFTY2161715900CE,-1,2021-06-16 11:10:00+05:30,2021-06-16 11:10:00+05:30,2021-06-16 11:10:08.871902,20.85,NA,5minute
20,NIFTY2161716250CE,1,2021-06-16 11:10:00+05:30,2021-06-16 11:10:00+05:30,2021-06-16 11:10:10.230848,2.0,NA,5minute
21,NIFTY2161715650PE,1,2021-06-16 11:10:00+05:30,2021-06-16 11:10:00+05:30,2021-06-16 11:10:10.627894,14.75,NA,5minute
22,NIFTY2161715550PE,-1,2021-06-16 11:10:00+05:30,2021-06-16 11:10:00+05:30,2021-06-16 11:10:11.017621,6.15,NA,5minute
23,NIFTY2161715450PE,-1,2021-06-16 11:10:00+05:30,2021-06-16 11:10:00+05:30,2021-06-16 11:10:11.417453,3.95,NA,5minute
24,NIFTY2161715300PE,-1,2021-06-16 11:10:00+05:30,2021-06-16 11:10:00+05:30,2021-06-16 11:10:12.008954,2.75,NA,5minute
25,BANKNIFTY2161735200CE,-1,2021-06-16 11:10:00+05:30,2021-06-16 11:10:00+05:30,2021-06-16 11:10:12.644293,178.05,NA,5minute
26,BANKNIFTY2161735300CE,-1,2021-06-16 11:05:00+05:30,2021-06-16 11:05:00+05:30,2021-06-16 11:10:12.853229,137.0,NA,5minute
27,BANKNIFTY2161735500CE,-1,2021-06-16 11:10:00+05:30,2021-06-16 11:10:00+05:30,2021-06-16 11:10:13.252716,75.4,NA,5minute
28,BANKNIFTY2161735600CE,-1,2021-06-16 11:10:00+05:30,2021-06-16 11:10:00+05:30,2021-06-16 11:10:13.439580,54.95,NA,5minute
29,BANKNIFTY2161735700CE,-1,2021-06-16 11:05:00+05:30,2021-06-16 11:05:00+05:30,2021-06-16 11:10:13.627992,40.65,NA,5minute
30,BANKNIFTY2161735800CE,-1,2021-06-16 11:10:00+05:30,2021-06-16 11:10:00+05:30,2021-06-16 11:10:13.824801,30.2,NA,5minute
31,BANKNIFTY2161736000CE,-1,2021-06-16 11:05:00+05:30,2021-06-16 11:05:00+05:30,2021-06-16 11:10:14.190283,19.2,NA,5minute
32,BANKNIFTY2161735000PE,1,2021-06-16 11:05:00+05:30,2021-06-16 11:05:00+05:30,2021-06-16 11:10:14.571800,143.8,NA,5minute
33,BANKNIFTY2161734600PE,1,2021-06-16 11:10:00+05:30,2021-06-16 11:10:00+05:30,2021-06-16 11:10:15.314733,50.9,NA,5minute
34,NIFTY2161715800CE,-1,2021-06-16 11:10:00+05:30,2021-06-16 11:10:00+05:30,2021-06-16 11:15:00.322538,55.95,NA,5minute
35,NIFTY2161715850CE,-1,2021-06-16 11:10:00+05:30,2021-06-16 11:10:00+05:30,2021-06-16 11:15:00.502091,34.95,NA,5minute
36,NIFTY2161715900CE,-1,2021-06-16 11:15:00+05:30,2021-06-16 11:15:00+05:30,2021-06-16 11:15:00.706157,20.3,NA,5minute
37,NIFTY2161716000CE,-1,2021-06-16 11:15:00+05:30,2021-06-16 11:15:00+05:30,2021-06-16 11:15:01.082395,6.25,NA,5minute
38,NIFTY2161716250CE,1,2021-06-16 11:15:00+05:30,2021-06-16 11:15:00+05:30,2021-06-16 11:15:02.033528,2.0,NA,5minute
39,NIFTY2161715700PE,1,2021-06-16 11:15:00+05:30,2021-06-16 11:15:00+05:30,2021-06-16 11:15:02.224404,26.1,NA,5minute
40,NIFTY2161715550PE,-1,2021-06-16 11:15:00+05:30,2021-06-16 11:15:00+05:30,2021-06-16 11:15:02.777009,6.4,NA,5minute
41,NIFTY2161715300PE,-1,2021-06-16 11:15:00+05:30,2021-06-16 11:15:00+05:30,2021-06-16 11:15:03.711919,2.7,NA,5minute
42,BANKNIFTY2161735200CE,-1,2021-06-16 11:10:00+05:30,2021-06-16 11:10:00+05:30,2021-06-16 11:15:04.235030,176.55,NA,5minute
43,BANKNIFTY2161735300CE,-1,2021-06-16 11:10:00+05:30,2021-06-16 11:10:00+05:30,2021-06-16 11:15:04.423400,135.1,NA,5minute
44,BANKNIFTY2161735500CE,-1,2021-06-16 11:15:00+05:30,2021-06-16 11:15:00+05:30,2021-06-16 11:15:04.799340,74.7,NA,5minute
45,BANKNIFTY2161735600CE,-1,2021-06-16 11:15:00+05:30,2021-06-16 11:15:00+05:30,2021-06-16 11:15:04.979728,54.2,NA,5minute
46,BANKNIFTY2161735700CE,-1,2021-06-16 11:15:00+05:30,2021-06-16 11:15:00+05:30,2021-06-16 11:15:05.160411,40.15,NA,5minute
47,BANKNIFTY2161735800CE,-1,2021-06-16 11:15:00+05:30,2021-06-16 11:15:00+05:30,2021-06-16 11:15:05.354690,29.9,NA,5minute
48,BANKNIFTY2161736000CE,-1,2021-06-16 11:15:00+05:30,2021-06-16 11:15:00+05:30,2021-06-16 11:15:05.710620,19.05,NA,5minute
49,BANKNIFTY2161734600PE,1,2021-06-16 11:15:00+05:30,2021-06-16 11:15:00+05:30,2021-06-16 11:15:06.847067,53.45,NA,5minute
50,BANKNIFTY2161734500PE,1,2021-06-16 11:10:00+05:30,2021-06-16 11:10:00+05:30,2021-06-16 11:15:07.050000,42.45,NA,5minute
51,BANKNIFTY2161734300PE,1,2021-06-16 11:10:00+05:30,2021-06-16 11:10:00+05:30,2021-06-16 11:15:07.435345,27.7,NA,5minute
52,BANKNIFTY2161734200PE,1,2021-06-16 11:15:00+05:30,2021-06-16 11:15:00+05:30,2021-06-16 11:15:07.613038,23.2,NA,5minute
53,NIFTY2161715800CE,-1,2021-06-16 11:10:00+05:30,2021-06-16 11:10:00+05:30,2021-06-16 11:15:08.118401,55.9,NA,5minute
54,NIFTY2161715850CE,-1,2021-06-16 11:10:00+05:30,2021-06-16 11:10:00+05:30,2021-06-16 11:15:08.318214,34.9,NA,5minute
55,NIFTY2161715900CE,-1,2021-06-16 11:15:00+05:30,2021-06-16 11:15:00+05:30,2021-06-16 11:15:08.502806,20.2,NA,5minute
56,NIFTY2161716000CE,-1,2021-06-16 11:10:00+05:30,2021-06-16 11:10:00+05:30,2021-06-16 11:15:08.861403,6.25,NA,5minute
57,NIFTY2161716250CE,1,2021-06-16 11:15:00+05:30,2021-06-16 11:15:00+05:30,2021-06-16 11:15:09.841767,2.0,NA,5minute
58,NIFTY2161715550PE,-1,2021-06-16 11:15:00+05:30,2021-06-16 11:15:00+05:30,2021-06-16 11:15:10.593758,6.4,NA,5minute
59,NIFTY2161715300PE,-1,2021-06-16 11:15:00+05:30,2021-06-16 11:15:00+05:30,2021-06-16 11:15:11.557308,2.7,NA,5minute
60,BANKNIFTY2161735200CE,-1,2021-06-16 11:10:00+05:30,2021-06-16 11:10:00+05:30,2021-06-16 11:15:12.108530,176.55,NA,5minute
61,BANKNIFTY2161735300CE,-1,2021-06-16 11:15:00+05:30,2021-06-16 11:15:00+05:30,2021-06-16 11:15:12.296389,135.45,NA,5minute
62,BANKNIFTY2161735500CE,-1,2021-06-16 11:15:00+05:30,2021-06-16 11:15:00+05:30,2021-06-16 11:15:12.669517,74.65,NA,5minute
63,BANKNIFTY2161735600CE,-1,2021-06-16 11:15:00+05:30,2021-06-16 11:15:00+05:30,2021-06-16 11:15:12.870389,54.2,NA,5minute
64,BANKNIFTY2161735700CE,-1,2021-06-16 11:15:00+05:30,2021-06-16 11:15:00+05:30,2021-06-16 11:15:13.074484,40.2,NA,5minute
65,BANKNIFTY2161735800CE,-1,2021-06-16 11:15:00+05:30,2021-06-16 11:15:00+05:30,2021-06-16 11:15:13.285599,30.0,NA,5minute
66,BANKNIFTY2161736000CE,-1,2021-06-16 11:15:00+05:30,2021-06-16 11:15:00+05:30,2021-06-16 11:15:13.679148,19.05,NA,5minute
67,BANKNIFTY2161734600PE,1,2021-06-16 11:15:00+05:30,2021-06-16 11:15:00+05:30,2021-06-16 11:15:14.768067,53.25,NA,5minute
68,BANKNIFTY2161734500PE,1,2021-06-16 11:10:00+05:30,2021-06-16 11:10:00+05:30,2021-06-16 11:15:14.956648,42.45,NA,5minute
0,NIFTY2161715800CE,-1,2021-06-16 11:05:00+05:30,2021-06-16 11:05:00+05:30,2021-06-16 11:10:00.382110,58.25,NA,5minute
1,NIFTY2161715850CE,-1,2021-06-16 11:05:00+05:30,2021-06-16 11:05:00+05:30,2021-06-16 11:10:00.579498,36.3,NA,5minute
2,NIFTY2161715900CE,-1,2021-06-16 11:05:00+05:30,2021-06-16 11:05:00+05:30,2021-06-16 11:10:00.767879,20.85,NA,5minute
3,NIFTY2161716250CE,1,2021-06-16 11:10:00+05:30,2021-06-16 11:10:00+05:30,2021-06-16 11:10:02.312187,2.0,NA,5minute
4,NIFTY2161715650PE,1,2021-06-16 11:10:00+05:30,2021-06-16 11:10:00+05:30,2021-06-16 11:10:02.685906,14.75,NA,5minute
5,NIFTY2161715550PE,-1,2021-06-16 11:10:00+05:30,2021-06-16 11:10:00+05:30,2021-06-16 11:10:03.081928,6.2,NA,5minute
6,NIFTY2161715450PE,-1,2021-06-16 11:10:00+05:30,2021-06-16 11:10:00+05:30,2021-06-16 11:10:03.467018,3.95,NA,5minute
7,NIFTY2161715300PE,-1,2021-06-16 11:10:00+05:30,2021-06-16 11:10:00+05:30,2021-06-16 11:10:04.064367,2.75,NA,5minute
8,BANKNIFTY2161735200CE,-1,2021-06-16 11:10:00+05:30,2021-06-16 11:10:00+05:30,2021-06-16 11:10:04.581027,178.05,NA,5minute
9,BANKNIFTY2161735300CE,-1,2021-06-16 11:05:00+05:30,2021-06-16 11:05:00+05:30,2021-06-16 11:10:04.771999,137.0,NA,5minute
10,BANKNIFTY2161735500CE,-1,2021-06-16 11:05:00+05:30,2021-06-16 11:05:00+05:30,2021-06-16 11:10:05.138054,76.05,NA,5minute
11,BANKNIFTY2161735600CE,-1,2021-06-16 11:10:00+05:30,2021-06-16 11:10:00+05:30,2021-06-16 11:10:05.357270,54.95,NA,5minute
12,BANKNIFTY2161735700CE,-1,2021-06-16 11:10:00+05:30,2021-06-16 11:10:00+05:30,2021-06-16 11:10:05.535233,40.1,NA,5minute
13,BANKNIFTY2161735800CE,-1,2021-06-16 11:10:00+05:30,2021-06-16 11:10:00+05:30,2021-06-16 11:10:05.709744,30.15,NA,5minute
14,BANKNIFTY2161736000CE,-1,2021-06-16 11:05:00+05:30,2021-06-16 11:05:00+05:30,2021-06-16 11:10:06.092352,19.2,NA,5minute
15,BANKNIFTY2161735000PE,1,2021-06-16 11:05:00+05:30,2021-06-16 11:05:00+05:30,2021-06-16 11:10:06.480379,143.85,NA,5minute
16,BANKNIFTY2161734600PE,1,2021-06-16 11:10:00+05:30,2021-06-16 11:10:00+05:30,2021-06-16 11:10:07.249712,50.9,NA,5minute
17,NIFTY2161715800CE,-1,2021-06-16 11:05:00+05:30,2021-06-16 11:05:00+05:30,2021-06-16 11:10:08.504389,58.05,NA,5minute
18,NIFTY2161715850CE,-1,2021-06-16 11:10:00+05:30,2021-06-16 11:10:00+05:30,2021-06-16 11:10:08.683856,36.05,NA,5minute
19,NIFTY2161715900CE,-1,2021-06-16 11:10:00+05:30,2021-06-16 11:10:00+05:30,2021-06-16 11:10:08.871902,20.85,NA,5minute
20,NIFTY2161716250CE,1,2021-06-16 11:10:00+05:30,2021-06-16 11:10:00+05:30,2021-06-16 11:10:10.230848,2.0,NA,5minute
21,NIFTY2161715650PE,1,2021-06-16 11:10:00+05:30,2021-06-16 11:10:00+05:30,2021-06-16 11:10:10.627894,14.75,NA,5minute
22,NIFTY2161715550PE,-1,2021-06-16 11:10:00+05:30,2021-06-16 11:10:00+05:30,2021-06-16 11:10:11.017621,6.15,NA,5minute
23,NIFTY2161715450PE,-1,2021-06-16 11:10:00+05:30,2021-06-16 11:10:00+05:30,2021-06-16 11:10:11.417453,3.95,NA,5minute
24,NIFTY2161715300PE,-1,2021-06-16 11:10:00+05:30,2021-06-16 11:10:00+05:30,2021-06-16 11:10:12.008954,2.75,NA,5minute
25,BANKNIFTY2161735200CE,-1,2021-06-16 11:10:00+05:30,2021-06-16 11:10:00+05:30,2021-06-16 11:10:12.644293,178.05,NA,5minute
26,BANKNIFTY2161735300CE,-1,2021-06-16 11:05:00+05:30,2021-06-16 11:05:00+05:30,2021-06-16 11:10:12.853229,137.0,NA,5minute
27,BANKNIFTY2161735500CE,-1,2021-06-16 11:10:00+05:30,2021-06-16 11:10:00+05:30,2021-06-16 11:10:13.252716,75.4,NA,5minute
28,BANKNIFTY2161735600CE,-1,2021-06-16 11:10:00+05:30,2021-06-16 11:10:00+05:30,2021-06-16 11:10:13.439580,54.95,NA,5minute
29,BANKNIFTY2161735700CE,-1,2021-06-16 11:05:00+05:30,2021-06-16 11:05:00+05:30,2021-06-16 11:10:13.627992,40.65,NA,5minute
30,BANKNIFTY2161735800CE,-1,2021-06-16 11:10:00+05:30,2021-06-16 11:10:00+05:30,2021-06-16 11:10:13.824801,30.2,NA,5minute
31,BANKNIFTY2161736000CE,-1,2021-06-16 11:05:00+05:30,2021-06-16 11:05:00+05:30,2021-06-16 11:10:14.190283,19.2,NA,5minute
32,BANKNIFTY2161735000PE,1,2021-06-16 11:05:00+05:30,2021-06-16 11:05:00+05:30,2021-06-16 11:10:14.571800,143.8,NA,5minute
33,BANKNIFTY2161734600PE,1,2021-06-16 11:10:00+05:30,2021-06-16 11:10:00+05:30,2021-06-16 11:10:15.314733,50.9,NA,5minute
34,NIFTY2161715800CE,-1,2021-06-16 11:10:00+05:30,2021-06-16 11:10:00+05:30,2021-06-16 11:15:00.322538,55.95,NA,5minute
35,NIFTY2161715850CE,-1,2021-06-16 11:10:00+05:30,2021-06-16 11:10:00+05:30,2021-06-16 11:15:00.502091,34.95,NA,5minute
36,NIFTY2161715900CE,-1,2021-06-16 11:15:00+05:30,2021-06-16 11:15:00+05:30,2021-06-16 11:15:00.706157,20.3,NA,5minute
37,NIFTY2161716000CE,-1,2021-06-16 11:15:00+05:30,2021-06-16 11:15:00+05:30,2021-06-16 11:15:01.082395,6.25,NA,5minute
38,NIFTY2161716250CE,1,2021-06-16 11:15:00+05:30,2021-06-16 11:15:00+05:30,2021-06-16 11:15:02.033528,2.0,NA,5minute
39,NIFTY2161715700PE,1,2021-06-16 11:15:00+05:30,2021-06-16 11:15:00+05:30,2021-06-16 11:15:02.224404,26.1,NA,5minute
40,NIFTY2161715550PE,-1,2021-06-16 11:15:00+05:30,2021-06-16 11:15:00+05:30,2021-06-16 11:15:02.777009,6.4,NA,5minute
41,NIFTY2161715300PE,-1,2021-06-16 11:15:00+05:30,2021-06-16 11:15:00+05:30,2021-06-16 11:15:03.711919,2.7,NA,5minute
42,BANKNIFTY2161735200CE,-1,2021-06-16 11:10:00+05:30,2021-06-16 11:10:00+05:30,2021-06-16 11:15:04.235030,176.55,NA,5minute
43,BANKNIFTY2161735300CE,-1,2021-06-16 11:10:00+05:30,2021-06-16 11:10:00+05:30,2021-06-16 11:15:04.423400,135.1,NA,5minute
44,BANKNIFTY2161735500CE,-1,2021-06-16 11:15:00+05:30,2021-06-16 11:15:00+05:30,2021-06-16 11:15:04.799340,74.7,NA,5minute
45,BANKNIFTY2161735600CE,-1,2021-06-16 11:15:00+05:30,2021-06-16 11:15:00+05:30,2021-06-16 11:15:04.979728,54.2,NA,5minute
46,BANKNIFTY2161735700CE,-1,2021-06-16 11:15:00+05:30,2021-06-16 11:15:00+05:30,2021-06-16 11:15:05.160411,40.15,NA,5minute
47,BANKNIFTY2161735800CE,-1,2021-06-16 11:15:00+05:30,2021-06-16 11:15:00+05:30,2021-06-16 11:15:05.354690,29.9,NA,5minute
48,BANKNIFTY2161736000CE,-1,2021-06-16 11:15:00+05:30,2021-06-16 11:15:00+05:30,2021-06-16 11:15:05.710620,19.05,NA,5minute
49,BANKNIFTY2161734600PE,1,2021-06-16 11:15:00+05:30,2021-06-16 11:15:00+05:30,2021-06-16 11:15:06.847067,53.45,NA,5minute
50,BANKNIFTY2161734500PE,1,2021-06-16 11:10:00+05:30,2021-06-16 11:10:00+05:30,2021-06-16 11:15:07.050000,42.45,NA,5minute
51,BANKNIFTY2161734300PE,1,2021-06-16 11:10:00+05:30,2021-06-16 11:10:00+05:30,2021-06-16 11:15:07.435345,27.7,NA,5minute
52,BANKNIFTY2161734200PE,1,2021-06-16 11:15:00+05:30,2021-06-16 11:15:00+05:30,2021-06-16 11:15:07.613038,23.2,NA,5minute
53,NIFTY2161715800CE,-1,2021-06-16 11:10:00+05:30,2021-06-16 11:10:00+05:30,2021-06-16 11:15:08.118401,55.9,NA,5minute
54,NIFTY2161715850CE,-1,2021-06-16 11:10:00+05:30,2021-06-16 11:10:00+05:30,2021-06-16 11:15:08.318214,34.9,NA,5minute
55,NIFTY2161715900CE,-1,2021-06-16 11:15:00+05:30,2021-06-16 11:15:00+05:30,2021-06-16 11:15:08.502806,20.2,NA,5minute
56,NIFTY2161716000CE,-1,2021-06-16 11:10:00+05:30,2021-06-16 11:10:00+05:30,2021-06-16 11:15:08.861403,6.25,NA,5minute
57,NIFTY2161716250CE,1,2021-06-16 11:15:00+05:30,2021-06-16 11:15:00+05:30,2021-06-16 11:15:09.841767,2.0,NA,5minute
58,NIFTY2161715550PE,-1,2021-06-16 11:15:00+05:30,2021-06-16 11:15:00+05:30,2021-06-16 11:15:10.593758,6.4,NA,5minute
59,NIFTY2161715300PE,-1,2021-06-16 11:15:00+05:30,2021-06-16 11:15:00+05:30,2021-06-16 11:15:11.557308,2.7,NA,5minute
60,BANKNIFTY2161735200CE,-1,2021-06-16 11:10:00+05:30,2021-06-16 11:10:00+05:30,2021-06-16 11:15:12.108530,176.55,NA,5minute
61,BANKNIFTY2161735300CE,-1,2021-06-16 11:15:00+05:30,2021-06-16 11:15:00+05:30,2021-06-16 11:15:12.296389,135.45,NA,5minute
62,BANKNIFTY2161735500CE,-1,2021-06-16 11:15:00+05:30,2021-06-16 11:15:00+05:30,2021-06-16 11:15:12.669517,74.65,NA,5minute
63,BANKNIFTY2161735600CE,-1,2021-06-16 11:15:00+05:30,2021-06-16 11:15:00+05:30,2021-06-16 11:15:12.870389,54.2,NA,5minute
64,BANKNIFTY2161735700CE,-1,2021-06-16 11:15:00+05:30,2021-06-16 11:15:00+05:30,2021-06-16 11:15:13.074484,40.2,NA,5minute
65,BANKNIFTY2161735800CE,-1,2021-06-16 11:15:00+05:30,2021-06-16 11:15:00+05:30,2021-06-16 11:15:13.285599,30.0,NA,5minute
66,BANKNIFTY2161736000CE,-1,2021-06-16 11:15:00+05:30,2021-06-16 11:15:00+05:30,2021-06-16 11:15:13.679148,19.05,NA,5minute
67,BANKNIFTY2161734600PE,1,2021-06-16 11:15:00+05:30,2021-06-16 11:15:00+05:30,2021-06-16 11:15:14.768067,53.25,NA,5minute
68,BANKNIFTY2161734500PE,1,2021-06-16 11:10:00+05:30,2021-06-16 11:10:00+05:30,2021-06-16 11:15:14.956648,42.45,NA,5minute
69,NIFTY2161715800CE,-1,2021-06-16 11:15:00+05:30,2021-06-16 11:15:00+05:30,2021-06-16 11:20:00.371388,56.6,NA,5minute
70,NIFTY2161715850CE,-1,2021-06-16 11:15:00+05:30,2021-06-16 11:15:00+05:30,2021-06-16 11:20:00.579789,34.85,NA,5minute
71,NIFTY2161715900CE,-1,2021-06-16 11:15:00+05:30,2021-06-16 11:15:00+05:30,2021-06-16 11:20:00.774338,19.8,NA,5minute
72,NIFTY2161716000CE,-1,2021-06-16 11:20:00+05:30,2021-06-16 11:20:00+05:30,2021-06-16 11:20:01.170465,6.15,NA,5minute
73,NIFTY2161716250CE,1,2021-06-16 11:20:00+05:30,2021-06-16 11:20:00+05:30,2021-06-16 11:20:02.274291,2.05,NA,5minute
74,NIFTY2161715700PE,1,2021-06-16 11:20:00+05:30,2021-06-16 11:20:00+05:30,2021-06-16 11:20:02.476077,24.45,NA,5minute
75,NIFTY2161715600PE,-1,2021-06-16 11:20:00+05:30,2021-06-16 11:20:00+05:30,2021-06-16 11:20:02.851631,9.3,NA,5minute
76,NIFTY2161715550PE,-1,2021-06-16 11:20:00+05:30,2021-06-16 11:20:00+05:30,2021-06-16 11:20:03.064668,6.1,NA,5minute
77,NIFTY2161715300PE,-1,2021-06-16 11:20:00+05:30,2021-06-16 11:20:00+05:30,2021-06-16 11:20:03.982158,2.65,NA,5minute
78,BANKNIFTY2161735200CE,-1,2021-06-16 11:15:00+05:30,2021-06-16 11:15:00+05:30,2021-06-16 11:20:04.493655,173.3,NA,5minute
79,BANKNIFTY2161735300CE,-1,2021-06-16 11:20:00+05:30,2021-06-16 11:20:00+05:30,2021-06-16 11:20:04.691355,131.5,NA,5minute
80,BANKNIFTY2161735400CE,-1,2021-06-16 11:15:00+05:30,2021-06-16 11:15:00+05:30,2021-06-16 11:20:04.900474,97.75,NA,5minute
81,BANKNIFTY2161735500CE,-1,2021-06-16 11:20:00+05:30,2021-06-16 11:20:00+05:30,2021-06-16 11:20:05.088778,71.9,NA,5minute
82,BANKNIFTY2161735600CE,-1,2021-06-16 11:20:00+05:30,2021-06-16 11:20:00+05:30,2021-06-16 11:20:05.285208,53.1,NA,5minute
83,BANKNIFTY2161735700CE,-1,2021-06-16 11:20:00+05:30,2021-06-16 11:20:00+05:30,2021-06-16 11:20:05.483013,39.15,NA,5minute
84,BANKNIFTY2161735800CE,-1,2021-06-16 11:20:00+05:30,2021-06-16 11:20:00+05:30,2021-06-16 11:20:05.661379,29.7,NA,5minute
85,BANKNIFTY2161736000CE,-1,2021-06-16 11:20:00+05:30,2021-06-16 11:20:00+05:30,2021-06-16 11:20:06.030780,19.25,NA,5minute
86,BANKNIFTY2161734600PE,1,2021-06-16 11:20:00+05:30,2021-06-16 11:20:00+05:30,2021-06-16 11:20:07.403612,52.8,NA,5minute
87,BANKNIFTY2161734500PE,1,2021-06-16 11:15:00+05:30,2021-06-16 11:15:00+05:30,2021-06-16 11:20:07.598113,41.55,NA,5minute
0,NIFTY2161715800CE,-1,2021-06-16 11:05:00+05:30,2021-06-16 11:05:00+05:30,2021-06-16 11:10:00.382110,58.25,NA,5minute
1,NIFTY2161715850CE,-1,2021-06-16 11:05:00+05:30,2021-06-16 11:05:00+05:30,2021-06-16 11:10:00.579498,36.3,NA,5minute
2,NIFTY2161715900CE,-1,2021-06-16 11:05:00+05:30,2021-06-16 11:05:00+05:30,2021-06-16 11:10:00.767879,20.85,NA,5minute
3,NIFTY2161716250CE,1,2021-06-16 11:10:00+05:30,2021-06-16 11:10:00+05:30,2021-06-16 11:10:02.312187,2.0,NA,5minute
4,NIFTY2161715650PE,1,2021-06-16 11:10:00+05:30,2021-06-16 11:10:00+05:30,2021-06-16 11:10:02.685906,14.75,NA,5minute
5,NIFTY2161715550PE,-1,2021-06-16 11:10:00+05:30,2021-06-16 11:10:00+05:30,2021-06-16 11:10:03.081928,6.2,NA,5minute
6,NIFTY2161715450PE,-1,2021-06-16 11:10:00+05:30,2021-06-16 11:10:00+05:30,2021-06-16 11:10:03.467018,3.95,NA,5minute
7,NIFTY2161715300PE,-1,2021-06-16 11:10:00+05:30,2021-06-16 11:10:00+05:30,2021-06-16 11:10:04.064367,2.75,NA,5minute
8,BANKNIFTY2161735200CE,-1,2021-06-16 11:10:00+05:30,2021-06-16 11:10:00+05:30,2021-06-16 11:10:04.581027,178.05,NA,5minute
9,BANKNIFTY2161735300CE,-1,2021-06-16 11:05:00+05:30,2021-06-16 11:05:00+05:30,2021-06-16 11:10:04.771999,137.0,NA,5minute
10,BANKNIFTY2161735500CE,-1,2021-06-16 11:05:00+05:30,2021-06-16 11:05:00+05:30,2021-06-16 11:10:05.138054,76.05,NA,5minute
11,BANKNIFTY2161735600CE,-1,2021-06-16 11:10:00+05:30,2021-06-16 11:10:00+05:30,2021-06-16 11:10:05.357270,54.95,NA,5minute
12,BANKNIFTY2161735700CE,-1,2021-06-16 11:10:00+05:30,2021-06-16 11:10:00+05:30,2021-06-16 11:10:05.535233,40.1,NA,5minute
13,BANKNIFTY2161735800CE,-1,2021-06-16 11:10:00+05:30,2021-06-16 11:10:00+05:30,2021-06-16 11:10:05.709744,30.15,NA,5minute
14,BANKNIFTY2161736000CE,-1,2021-06-16 11:05:00+05:30,2021-06-16 11:05:00+05:30,2021-06-16 11:10:06.092352,19.2,NA,5minute
15,BANKNIFTY2161735000PE,1,2021-06-16 11:05:00+05:30,2021-06-16 11:05:00+05:30,2021-06-16 11:10:06.480379,143.85,NA,5minute
16,BANKNIFTY2161734600PE,1,2021-06-16 11:10:00+05:30,2021-06-16 11:10:00+05:30,2021-06-16 11:10:07.249712,50.9,NA,5minute
17,NIFTY2161715800CE,-1,2021-06-16 11:05:00+05:30,2021-06-16 11:05:00+05:30,2021-06-16 11:10:08.504389,58.05,NA,5minute
18,NIFTY2161715850CE,-1,2021-06-16 11:10:00+05:30,2021-06-16 11:10:00+05:30,2021-06-16 11:10:08.683856,36.05,NA,5minute
19,NIFTY2161715900CE,-1,2021-06-16 11:10:00+05:30,2021-06-16 11:10:00+05:30,2021-06-16 11:10:08.871902,20.85,NA,5minute
20,NIFTY2161716250CE,1,2021-06-16 11:10:00+05:30,2021-06-16 11:10:00+05:30,2021-06-16 11:10:10.230848,2.0,NA,5minute
21,NIFTY2161715650PE,1,2021-06-16 11:10:00+05:30,2021-06-16 11:10:00+05:30,2021-06-16 11:10:10.627894,14.75,NA,5minute
22,NIFTY2161715550PE,-1,2021-06-16 11:10:00+05:30,2021-06-16 11:10:00+05:30,2021-06-16 11:10:11.017621,6.15,NA,5minute
23,NIFTY2161715450PE,-1,2021-06-16 11:10:00+05:30,2021-06-16 11:10:00+05:30,2021-06-16 11:10:11.417453,3.95,NA,5minute
24,NIFTY2161715300PE,-1,2021-06-16 11:10:00+05:30,2021-06-16 11:10:00+05:30,2021-06-16 11:10:12.008954,2.75,NA,5minute
25,BANKNIFTY2161735200CE,-1,2021-06-16 11:10:00+05:30,2021-06-16 11:10:00+05:30,2021-06-16 11:10:12.644293,178.05,NA,5minute
26,BANKNIFTY2161735300CE,-1,2021-06-16 11:05:00+05:30,2021-06-16 11:05:00+05:30,2021-06-16 11:10:12.853229,137.0,NA,5minute
27,BANKNIFTY2161735500CE,-1,2021-06-16 11:10:00+05:30,2021-06-16 11:10:00+05:30,2021-06-16 11:10:13.252716,75.4,NA,5minute
28,BANKNIFTY2161735600CE,-1,2021-06-16 11:10:00+05:30,2021-06-16 11:10:00+05:30,2021-06-16 11:10:13.439580,54.95,NA,5minute
29,BANKNIFTY2161735700CE,-1,2021-06-16 11:05:00+05:30,2021-06-16 11:05:00+05:30,2021-06-16 11:10:13.627992,40.65,NA,5minute
30,BANKNIFTY2161735800CE,-1,2021-06-16 11:10:00+05:30,2021-06-16 11:10:00+05:30,2021-06-16 11:10:13.824801,30.2,NA,5minute
31,BANKNIFTY2161736000CE,-1,2021-06-16 11:05:00+05:30,2021-06-16 11:05:00+05:30,2021-06-16 11:10:14.190283,19.2,NA,5minute
32,BANKNIFTY2161735000PE,1,2021-06-16 11:05:00+05:30,2021-06-16 11:05:00+05:30,2021-06-16 11:10:14.571800,143.8,NA,5minute
33,BANKNIFTY2161734600PE,1,2021-06-16 11:10:00+05:30,2021-06-16 11:10:00+05:30,2021-06-16 11:10:15.314733,50.9,NA,5minute
34,NIFTY2161715800CE,-1,2021-06-16 11:10:00+05:30,2021-06-16 11:10:00+05:30,2021-06-16 11:15:00.322538,55.95,NA,5minute
35,NIFTY2161715850CE,-1,2021-06-16 11:10:00+05:30,2021-06-16 11:10:00+05:30,2021-06-16 11:15:00.502091,34.95,NA,5minute
36,NIFTY2161715900CE,-1,2021-06-16 11:15:00+05:30,2021-06-16 11:15:00+05:30,2021-06-16 11:15:00.706157,20.3,NA,5minute
37,NIFTY2161716000CE,-1,2021-06-16 11:15:00+05:30,2021-06-16 11:15:00+05:30,2021-06-16 11:15:01.082395,6.25,NA,5minute
38,NIFTY2161716250CE,1,2021-06-16 11:15:00+05:30,2021-06-16 11:15:00+05:30,2021-06-16 11:15:02.033528,2.0,NA,5minute
39,NIFTY2161715700PE,1,2021-06-16 11:15:00+05:30,2021-06-16 11:15:00+05:30,2021-06-16 11:15:02.224404,26.1,NA,5minute
40,NIFTY2161715550PE,-1,2021-06-16 11:15:00+05:30,2021-06-16 11:15:00+05:30,2021-06-16 11:15:02.777009,6.4,NA,5minute
41,NIFTY2161715300PE,-1,2021-06-16 11:15:00+05:30,2021-06-16 11:15:00+05:30,2021-06-16 11:15:03.711919,2.7,NA,5minute
42,BANKNIFTY2161735200CE,-1,2021-06-16 11:10:00+05:30,2021-06-16 11:10:00+05:30,2021-06-16 11:15:04.235030,176.55,NA,5minute
43,BANKNIFTY2161735300CE,-1,2021-06-16 11:10:00+05:30,2021-06-16 11:10:00+05:30,2021-06-16 11:15:04.423400,135.1,NA,5minute
44,BANKNIFTY2161735500CE,-1,2021-06-16 11:15:00+05:30,2021-06-16 11:15:00+05:30,2021-06-16 11:15:04.799340,74.7,NA,5minute
45,BANKNIFTY2161735600CE,-1,2021-06-16 11:15:00+05:30,2021-06-16 11:15:00+05:30,2021-06-16 11:15:04.979728,54.2,NA,5minute
46,BANKNIFTY2161735700CE,-1,2021-06-16 11:15:00+05:30,2021-06-16 11:15:00+05:30,2021-06-16 11:15:05.160411,40.15,NA,5minute
47,BANKNIFTY2161735800CE,-1,2021-06-16 11:15:00+05:30,2021-06-16 11:15:00+05:30,2021-06-16 11:15:05.354690,29.9,NA,5minute
48,BANKNIFTY2161736000CE,-1,2021-06-16 11:15:00+05:30,2021-06-16 11:15:00+05:30,2021-06-16 11:15:05.710620,19.05,NA,5minute
49,BANKNIFTY2161734600PE,1,2021-06-16 11:15:00+05:30,2021-06-16 11:15:00+05:30,2021-06-16 11:15:06.847067,53.45,NA,5minute
50,BANKNIFTY2161734500PE,1,2021-06-16 11:10:00+05:30,2021-06-16 11:10:00+05:30,2021-06-16 11:15:07.050000,42.45,NA,5minute
51,BANKNIFTY2161734300PE,1,2021-06-16 11:10:00+05:30,2021-06-16 11:10:00+05:30,2021-06-16 11:15:07.435345,27.7,NA,5minute
52,BANKNIFTY2161734200PE,1,2021-06-16 11:15:00+05:30,2021-06-16 11:15:00+05:30,2021-06-16 11:15:07.613038,23.2,NA,5minute
53,NIFTY2161715800CE,-1,2021-06-16 11:10:00+05:30,2021-06-16 11:10:00+05:30,2021-06-16 11:15:08.118401,55.9,NA,5minute
54,NIFTY2161715850CE,-1,2021-06-16 11:10:00+05:30,2021-06-16 11:10:00+05:30,2021-06-16 11:15:08.318214,34.9,NA,5minute
55,NIFTY2161715900CE,-1,2021-06-16 11:15:00+05:30,2021-06-16 11:15:00+05:30,2021-06-16 11:15:08.502806,20.2,NA,5minute
56,NIFTY2161716000CE,-1,2021-06-16 11:10:00+05:30,2021-06-16 11:10:00+05:30,2021-06-16 11:15:08.861403,6.25,NA,5minute
57,NIFTY2161716250CE,1,2021-06-16 11:15:00+05:30,2021-06-16 11:15:00+05:30,2021-06-16 11:15:09.841767,2.0,NA,5minute
58,NIFTY2161715550PE,-1,2021-06-16 11:15:00+05:30,2021-06-16 11:15:00+05:30,2021-06-16 11:15:10.593758,6.4,NA,5minute
59,NIFTY2161715300PE,-1,2021-06-16 11:15:00+05:30,2021-06-16 11:15:00+05:30,2021-06-16 11:15:11.557308,2.7,NA,5minute
60,BANKNIFTY2161735200CE,-1,2021-06-16 11:10:00+05:30,2021-06-16 11:10:00+05:30,2021-06-16 11:15:12.108530,176.55,NA,5minute
61,BANKNIFTY2161735300CE,-1,2021-06-16 11:15:00+05:30,2021-06-16 11:15:00+05:30,2021-06-16 11:15:12.296389,135.45,NA,5minute
62,BANKNIFTY2161735500CE,-1,2021-06-16 11:15:00+05:30,2021-06-16 11:15:00+05:30,2021-06-16 11:15:12.669517,74.65,NA,5minute
63,BANKNIFTY2161735600CE,-1,2021-06-16 11:15:00+05:30,2021-06-16 11:15:00+05:30,2021-06-16 11:15:12.870389,54.2,NA,5minute
64,BANKNIFTY2161735700CE,-1,2021-06-16 11:15:00+05:30,2021-06-16 11:15:00+05:30,2021-06-16 11:15:13.074484,40.2,NA,5minute
65,BANKNIFTY2161735800CE,-1,2021-06-16 11:15:00+05:30,2021-06-16 11:15:00+05:30,2021-06-16 11:15:13.285599,30.0,NA,5minute
66,BANKNIFTY2161736000CE,-1,2021-06-16 11:15:00+05:30,2021-06-16 11:15:00+05:30,2021-06-16 11:15:13.679148,19.05,NA,5minute
67,BANKNIFTY2161734600PE,1,2021-06-16 11:15:00+05:30,2021-06-16 11:15:00+05:30,2021-06-16 11:15:14.768067,53.25,NA,5minute
68,BANKNIFTY2161734500PE,1,2021-06-16 11:10:00+05:30,2021-06-16 11:10:00+05:30,2021-06-16 11:15:14.956648,42.45,NA,5minute
69,NIFTY2161715800CE,-1,2021-06-16 11:15:00+05:30,2021-06-16 11:15:00+05:30,2021-06-16 11:20:00.371388,56.6,NA,5minute
70,NIFTY2161715850CE,-1,2021-06-16 11:15:00+05:30,2021-06-16 11:15:00+05:30,2021-06-16 11:20:00.579789,34.85,NA,5minute
71,NIFTY2161715900CE,-1,2021-06-16 11:15:00+05:30,2021-06-16 11:15:00+05:30,2021-06-16 11:20:00.774338,19.8,NA,5minute
72,NIFTY2161716000CE,-1,2021-06-16 11:20:00+05:30,2021-06-16 11:20:00+05:30,2021-06-16 11:20:01.170465,6.15,NA,5minute
73,NIFTY2161716250CE,1,2021-06-16 11:20:00+05:30,2021-06-16 11:20:00+05:30,2021-06-16 11:20:02.274291,2.05,NA,5minute
74,NIFTY2161715700PE,1,2021-06-16 11:20:00+05:30,2021-06-16 11:20:00+05:30,2021-06-16 11:20:02.476077,24.45,NA,5minute
75,NIFTY2161715600PE,-1,2021-06-16 11:20:00+05:30,2021-06-16 11:20:00+05:30,2021-06-16 11:20:02.851631,9.3,NA,5minute
76,NIFTY2161715550PE,-1,2021-06-16 11:20:00+05:30,2021-06-16 11:20:00+05:30,2021-06-16 11:20:03.064668,6.1,NA,5minute
77,NIFTY2161715300PE,-1,2021-06-16 11:20:00+05:30,2021-06-16 11:20:00+05:30,2021-06-16 11:20:03.982158,2.65,NA,5minute
78,BANKNIFTY2161735200CE,-1,2021-06-16 11:15:00+05:30,2021-06-16 11:15:00+05:30,2021-06-16 11:20:04.493655,173.3,NA,5minute
79,BANKNIFTY2161735300CE,-1,2021-06-16 11:20:00+05:30,2021-06-16 11:20:00+05:30,2021-06-16 11:20:04.691355,131.5,NA,5minute
80,BANKNIFTY2161735400CE,-1,2021-06-16 11:15:00+05:30,2021-06-16 11:15:00+05:30,2021-06-16 11:20:04.900474,97.75,NA,5minute
81,BANKNIFTY2161735500CE,-1,2021-06-16 11:20:00+05:30,2021-06-16 11:20:00+05:30,2021-06-16 11:20:05.088778,71.9,NA,5minute
82,BANKNIFTY2161735600CE,-1,2021-06-16 11:20:00+05:30,2021-06-16 11:20:00+05:30,2021-06-16 11:20:05.285208,53.1,NA,5minute
83,BANKNIFTY2161735700CE,-1,2021-06-16 11:20:00+05:30,2021-06-16 11:20:00+05:30,2021-06-16 11:20:05.483013,39.15,NA,5minute
84,BANKNIFTY2161735800CE,-1,2021-06-16 11:20:00+05:30,2021-06-16 11:20:00+05:30,2021-06-16 11:20:05.661379,29.7,NA,5minute
85,BANKNIFTY2161736000CE,-1,2021-06-16 11:20:00+05:30,2021-06-16 11:20:00+05:30,2021-06-16 11:20:06.030780,19.25,NA,5minute
86,BANKNIFTY2161734600PE,1,2021-06-16 11:20:00+05:30,2021-06-16 11:20:00+05:30,2021-06-16 11:20:07.403612,52.8,NA,5minute
87,BANKNIFTY2161734500PE,1,2021-06-16 11:15:00+05:30,2021-06-16 11:15:00+05:30,2021-06-16 11:20:07.598113,41.55,NA,5minute
88,NIFTY2161715800CE,-1,2021-06-16 11:15:00+05:30,2021-06-16 11:15:00+05:30,2021-06-16 11:20:08.677948,56.6,NA,5minute
89,NIFTY2161715850CE,-1,2021-06-16 11:15:00+05:30,2021-06-16 11:15:00+05:30,2021-06-16 11:20:08.864200,34.85,NA,5minute
90,NIFTY2161715900CE,-1,2021-06-16 11:15:00+05:30,2021-06-16 11:15:00+05:30,2021-06-16 11:20:09.081170,19.9,NA,5minute
91,NIFTY2161716000CE,-1,2021-06-16 11:15:00+05:30,2021-06-16 11:15:00+05:30,2021-06-16 11:20:09.505563,6.15,NA,5minute
92,NIFTY2161716250CE,1,2021-06-16 11:20:00+05:30,2021-06-16 11:20:00+05:30,2021-06-16 11:20:10.462998,2.0,NA,5minute
93,NIFTY2161715700PE,1,2021-06-16 11:15:00+05:30,2021-06-16 11:15:00+05:30,2021-06-16 11:20:10.647153,24.6,NA,5minute
94,NIFTY2161715600PE,-1,2021-06-16 11:20:00+05:30,2021-06-16 11:20:00+05:30,2021-06-16 11:20:11.023176,9.3,NA,5minute
95,NIFTY2161715550PE,-1,2021-06-16 11:20:00+05:30,2021-06-16 11:20:00+05:30,2021-06-16 11:20:11.215775,6.1,NA,5minute
96,NIFTY2161715300PE,-1,2021-06-16 11:20:00+05:30,2021-06-16 11:20:00+05:30,2021-06-16 11:20:12.174866,2.65,NA,5minute
97,BANKNIFTY2161735200CE,-1,2021-06-16 11:20:00+05:30,2021-06-16 11:20:00+05:30,2021-06-16 11:20:12.687203,173.5,NA,5minute
98,BANKNIFTY2161735300CE,-1,2021-06-16 11:20:00+05:30,2021-06-16 11:20:00+05:30,2021-06-16 11:20:12.884640,131.5,NA,5minute
99,BANKNIFTY2161735400CE,-1,2021-06-16 11:15:00+05:30,2021-06-16 11:15:00+05:30,2021-06-16 11:20:13.108501,97.75,NA,5minute
100,BANKNIFTY2161735500CE,-1,2021-06-16 11:15:00+05:30,2021-06-16 11:15:00+05:30,2021-06-16 11:20:13.300618,72.0,NA,5minute
101,BANKNIFTY2161735600CE,-1,2021-06-16 11:20:00+05:30,2021-06-16 11:20:00+05:30,2021-06-16 11:20:13.479850,52.9,NA,5minute
102,BANKNIFTY2161735700CE,-1,2021-06-16 11:20:00+05:30,2021-06-16 11:20:00+05:30,2021-06-16 11:20:13.671193,39.15,NA,5minute
103,BANKNIFTY2161735800CE,-1,2021-06-16 11:20:00+05:30,2021-06-16 11:20:00+05:30,2021-06-16 11:20:13.862954,29.7,NA,5minute
104,BANKNIFTY2161736000CE,-1,2021-06-16 11:20:00+05:30,2021-06-16 11:20:00+05:30,2021-06-16 11:20:14.253995,19.2,NA,5minute
105,BANKNIFTY2161734600PE,1,2021-06-16 11:20:00+05:30,2021-06-16 11:20:00+05:30,2021-06-16 11:20:15.400791,52.8,NA,5minute
106,BANKNIFTY2161734500PE,1,2021-06-16 11:15:00+05:30,2021-06-16 11:15:00+05:30,2021-06-16 11:20:15.587364,41.55,NA,5minute
0,NIFTY2161715800CE,-1,2021-06-16 11:20:00+05:30,2021-06-16 11:20:00+05:30,2021-06-16 11:25:00.343837,58.45,NA,5minute
1,NIFTY2161715850CE,-1,2021-06-16 11:20:00+05:30,2021-06-16 11:20:00+05:30,2021-06-16 11:25:00.544634,35.95,NA,5minute
2,NIFTY2161715900CE,-1,2021-06-16 11:20:00+05:30,2021-06-16 11:20:00+05:30,2021-06-16 11:25:00.749276,20.8,NA,5minute
3,NIFTY2161716000CE,-1,2021-06-16 11:20:00+05:30,2021-06-16 11:20:00+05:30,2021-06-16 11:25:01.126421,6.4,NA,5minute
4,NIFTY2161715700PE,1,2021-06-16 11:20:00+05:30,2021-06-16 11:20:00+05:30,2021-06-16 11:25:02.329290,23.8,NA,5minute
5,NIFTY2161715650PE,-1,2021-06-16 11:25:00+05:30,2021-06-16 11:25:00+05:30,2021-06-16 11:25:02.531183,14.1,NA,5minute
6,NIFTY2161715600PE,-1,2021-06-16 11:25:00+05:30,2021-06-16 11:25:00+05:30,2021-06-16 11:25:02.736726,8.9,NA,5minute
7,NIFTY2161715550PE,-1,2021-06-16 11:25:00+05:30,2021-06-16 11:25:00+05:30,2021-06-16 11:25:03.010018,5.8,NA,5minute
8,NIFTY2161715300PE,-1,2021-06-16 11:25:00+05:30,2021-06-16 11:25:00+05:30,2021-06-16 11:25:03.944088,2.6,NA,5minute
9,BANKNIFTY2161735200CE,-1,2021-06-16 11:20:00+05:30,2021-06-16 11:20:00+05:30,2021-06-16 11:25:04.477394,168.4,NA,5minute
10,BANKNIFTY2161735300CE,-1,2021-06-16 11:20:00+05:30,2021-06-16 11:20:00+05:30,2021-06-16 11:25:04.671614,127.3,NA,5minute
11,BANKNIFTY2161735500CE,-1,2021-06-16 11:25:00+05:30,2021-06-16 11:25:00+05:30,2021-06-16 11:25:05.077537,70.6,NA,5minute
12,BANKNIFTY2161735600CE,-1,2021-06-16 11:25:00+05:30,2021-06-16 11:25:00+05:30,2021-06-16 11:25:05.284696,52.5,NA,5minute
13,BANKNIFTY2161735700CE,-1,2021-06-16 11:25:00+05:30,2021-06-16 11:25:00+05:30,2021-06-16 11:25:05.482986,38.9,NA,5minute
14,BANKNIFTY2161735800CE,-1,2021-06-16 11:25:00+05:30,2021-06-16 11:25:00+05:30,2021-06-16 11:25:05.683952,29.6,NA,5minute
15,BANKNIFTY2161735900CE,-1,2021-06-16 11:25:00+05:30,2021-06-16 11:25:00+05:30,2021-06-16 11:25:05.862541,23.5,NA,5minute
16,BANKNIFTY2161736000CE,-1,2021-06-16 11:25:00+05:30,2021-06-16 11:25:00+05:30,2021-06-16 11:25:06.062699,19.4,NA,5minute
17,BANKNIFTY2161734500PE,1,2021-06-16 11:25:00+05:30,2021-06-16 11:25:00+05:30,2021-06-16 11:25:07.679688,46.45,NA,5minute
18,BANKNIFTY2161734300PE,1,2021-06-16 11:25:00+05:30,2021-06-16 11:25:00+05:30,2021-06-16 11:25:08.067226,29.5,NA,5minute
19,BANKNIFTY2161734200PE,1,2021-06-16 11:25:00+05:30,2021-06-16 11:25:00+05:30,2021-06-16 11:25:08.549679,24.45,NA,5minute
20,BANKNIFTY2161734100PE,1,2021-06-16 11:25:00+05:30,2021-06-16 11:25:00+05:30,2021-06-16 11:25:08.734205,20.65,NA,5minute
0,NIFTY2161715800CE,-1,2021-06-16 11:20:00+05:30,2021-06-16 11:20:00+05:30,2021-06-16 11:25:00.343837,58.45,NA,5minute
1,NIFTY2161715850CE,-1,2021-06-16 11:20:00+05:30,2021-06-16 11:20:00+05:30,2021-06-16 11:25:00.544634,35.95,NA,5minute
2,NIFTY2161715900CE,-1,2021-06-16 11:20:00+05:30,2021-06-16 11:20:00+05:30,2021-06-16 11:25:00.749276,20.8,NA,5minute
3,NIFTY2161716000CE,-1,2021-06-16 11:20:00+05:30,2021-06-16 11:20:00+05:30,2021-06-16 11:25:01.126421,6.4,NA,5minute
4,NIFTY2161715700PE,1,2021-06-16 11:20:00+05:30,2021-06-16 11:20:00+05:30,2021-06-16 11:25:02.329290,23.8,NA,5minute
5,NIFTY2161715650PE,-1,2021-06-16 11:25:00+05:30,2021-06-16 11:25:00+05:30,2021-06-16 11:25:02.531183,14.1,NA,5minute
6,NIFTY2161715600PE,-1,2021-06-16 11:25:00+05:30,2021-06-16 11:25:00+05:30,2021-06-16 11:25:02.736726,8.9,NA,5minute
7,NIFTY2161715550PE,-1,2021-06-16 11:25:00+05:30,2021-06-16 11:25:00+05:30,2021-06-16 11:25:03.010018,5.8,NA,5minute
8,NIFTY2161715300PE,-1,2021-06-16 11:25:00+05:30,2021-06-16 11:25:00+05:30,2021-06-16 11:25:03.944088,2.6,NA,5minute
9,BANKNIFTY2161735200CE,-1,2021-06-16 11:20:00+05:30,2021-06-16 11:20:00+05:30,2021-06-16 11:25:04.477394,168.4,NA,5minute
10,BANKNIFTY2161735300CE,-1,2021-06-16 11:20:00+05:30,2021-06-16 11:20:00+05:30,2021-06-16 11:25:04.671614,127.3,NA,5minute
11,BANKNIFTY2161735500CE,-1,2021-06-16 11:25:00+05:30,2021-06-16 11:25:00+05:30,2021-06-16 11:25:05.077537,70.6,NA,5minute
12,BANKNIFTY2161735600CE,-1,2021-06-16 11:25:00+05:30,2021-06-16 11:25:00+05:30,2021-06-16 11:25:05.284696,52.5,NA,5minute
13,BANKNIFTY2161735700CE,-1,2021-06-16 11:25:00+05:30,2021-06-16 11:25:00+05:30,2021-06-16 11:25:05.482986,38.9,NA,5minute
14,BANKNIFTY2161735800CE,-1,2021-06-16 11:25:00+05:30,2021-06-16 11:25:00+05:30,2021-06-16 11:25:05.683952,29.6,NA,5minute
15,BANKNIFTY2161735900CE,-1,2021-06-16 11:25:00+05:30,2021-06-16 11:25:00+05:30,2021-06-16 11:25:05.862541,23.5,NA,5minute
16,BANKNIFTY2161736000CE,-1,2021-06-16 11:25:00+05:30,2021-06-16 11:25:00+05:30,2021-06-16 11:25:06.062699,19.4,NA,5minute
17,BANKNIFTY2161734500PE,1,2021-06-16 11:25:00+05:30,2021-06-16 11:25:00+05:30,2021-06-16 11:25:07.679688,46.45,NA,5minute
18,BANKNIFTY2161734300PE,1,2021-06-16 11:25:00+05:30,2021-06-16 11:25:00+05:30,2021-06-16 11:25:08.067226,29.5,NA,5minute
19,BANKNIFTY2161734200PE,1,2021-06-16 11:25:00+05:30,2021-06-16 11:25:00+05:30,2021-06-16 11:25:08.549679,24.45,NA,5minute
20,BANKNIFTY2161734100PE,1,2021-06-16 11:25:00+05:30,2021-06-16 11:25:00+05:30,2021-06-16 11:25:08.734205,20.65,NA,5minute
21,NIFTY2161715800CE,-1,2021-06-16 11:20:00+05:30,2021-06-16 11:20:00+05:30,2021-06-16 11:25:09.096169,58.45,NA,5minute
22,NIFTY2161715850CE,-1,2021-06-16 11:20:00+05:30,2021-06-16 11:20:00+05:30,2021-06-16 11:25:09.292610,35.95,NA,5minute
23,NIFTY2161715900CE,-1,2021-06-16 11:20:00+05:30,2021-06-16 11:20:00+05:30,2021-06-16 11:25:09.484802,20.8,NA,5minute
24,NIFTY2161716000CE,-1,2021-06-16 11:25:00+05:30,2021-06-16 11:25:00+05:30,2021-06-16 11:25:09.875786,6.45,NA,5minute
25,NIFTY2161716200CE,-1,2021-06-16 11:25:00+05:30,2021-06-16 11:25:00+05:30,2021-06-16 11:25:10.621077,2.1,NA,5minute
26,NIFTY2161715700PE,1,2021-06-16 11:20:00+05:30,2021-06-16 11:20:00+05:30,2021-06-16 11:25:10.982249,23.8,NA,5minute
27,NIFTY2161715650PE,-1,2021-06-16 11:25:00+05:30,2021-06-16 11:25:00+05:30,2021-06-16 11:25:11.164837,14.1,NA,5minute
28,NIFTY2161715600PE,-1,2021-06-16 11:25:00+05:30,2021-06-16 11:25:00+05:30,2021-06-16 11:25:11.343534,8.9,NA,5minute
29,NIFTY2161715550PE,-1,2021-06-16 11:25:00+05:30,2021-06-16 11:25:00+05:30,2021-06-16 11:25:11.534343,5.75,NA,5minute
30,NIFTY2161715300PE,-1,2021-06-16 11:25:00+05:30,2021-06-16 11:25:00+05:30,2021-06-16 11:25:12.785641,2.55,NA,5minute
31,BANKNIFTY2161735200CE,-1,2021-06-16 11:20:00+05:30,2021-06-16 11:20:00+05:30,2021-06-16 11:25:13.307318,169.0,NA,5minute
32,BANKNIFTY2161735300CE,-1,2021-06-16 11:20:00+05:30,2021-06-16 11:20:00+05:30,2021-06-16 11:25:13.492419,128.0,NA,5minute
33,BANKNIFTY2161735500CE,-1,2021-06-16 11:25:00+05:30,2021-06-16 11:25:00+05:30,2021-06-16 11:25:13.871024,70.6,NA,5minute
34,BANKNIFTY2161735600CE,-1,2021-06-16 11:25:00+05:30,2021-06-16 11:25:00+05:30,2021-06-16 11:25:14.060078,52.5,NA,5minute
35,BANKNIFTY2161735700CE,-1,2021-06-16 11:25:00+05:30,2021-06-16 11:25:00+05:30,2021-06-16 11:25:14.247293,38.85,NA,5minute
36,BANKNIFTY2161735800CE,-1,2021-06-16 11:25:00+05:30,2021-06-16 11:25:00+05:30,2021-06-16 11:25:14.423812,29.75,NA,5minute
37,BANKNIFTY2161735900CE,-1,2021-06-16 11:25:00+05:30,2021-06-16 11:25:00+05:30,2021-06-16 11:25:14.603069,23.65,NA,5minute
38,BANKNIFTY2161736000CE,-1,2021-06-16 11:25:00+05:30,2021-06-16 11:25:00+05:30,2021-06-16 11:25:14.778508,19.4,NA,5minute
39,BANKNIFTY2161734500PE,1,2021-06-16 11:25:00+05:30,2021-06-16 11:25:00+05:30,2021-06-16 11:25:16.068702,46.55,NA,5minute
40,BANKNIFTY2161734300PE,1,2021-06-16 11:25:00+05:30,2021-06-16 11:25:00+05:30,2021-06-16 11:25:16.439316,29.5,NA,5minute
41,BANKNIFTY2161734200PE,1,2021-06-16 11:25:00+05:30,2021-06-16 11:25:00+05:30,2021-06-16 11:25:16.617453,24.5,NA,5minute
42,BANKNIFTY2161734100PE,1,2021-06-16 11:25:00+05:30,2021-06-16 11:25:00+05:30,2021-06-16 11:25:16.795070,20.65,NA,5minute
0,NIFTY2161715800CE,-1,2021-06-16 11:20:00+05:30,2021-06-16 11:20:00+05:30,2021-06-16 11:25:00.343837,58.45,NA,5minute
1,NIFTY2161715850CE,-1,2021-06-16 11:20:00+05:30,2021-06-16 11:20:00+05:30,2021-06-16 11:25:00.544634,35.95,NA,5minute
2,NIFTY2161715900CE,-1,2021-06-16 11:20:00+05:30,2021-06-16 11:20:00+05:30,2021-06-16 11:25:00.749276,20.8,NA,5minute
3,NIFTY2161716000CE,-1,2021-06-16 11:20:00+05:30,2021-06-16 11:20:00+05:30,2021-06-16 11:25:01.126421,6.4,NA,5minute
4,NIFTY2161715700PE,1,2021-06-16 11:20:00+05:30,2021-06-16 11:20:00+05:30,2021-06-16 11:25:02.329290,23.8,NA,5minute
5,NIFTY2161715650PE,-1,2021-06-16 11:25:00+05:30,2021-06-16 11:25:00+05:30,2021-06-16 11:25:02.531183,14.1,NA,5minute
6,NIFTY2161715600PE,-1,2021-06-16 11:25:00+05:30,2021-06-16 11:25:00+05:30,2021-06-16 11:25:02.736726,8.9,NA,5minute
7,NIFTY2161715550PE,-1,2021-06-16 11:25:00+05:30,2021-06-16 11:25:00+05:30,2021-06-16 11:25:03.010018,5.8,NA,5minute
8,NIFTY2161715300PE,-1,2021-06-16 11:25:00+05:30,2021-06-16 11:25:00+05:30,2021-06-16 11:25:03.944088,2.6,NA,5minute
9,BANKNIFTY2161735200CE,-1,2021-06-16 11:20:00+05:30,2021-06-16 11:20:00+05:30,2021-06-16 11:25:04.477394,168.4,NA,5minute
10,BANKNIFTY2161735300CE,-1,2021-06-16 11:20:00+05:30,2021-06-16 11:20:00+05:30,2021-06-16 11:25:04.671614,127.3,NA,5minute
11,BANKNIFTY2161735500CE,-1,2021-06-16 11:25:00+05:30,2021-06-16 11:25:00+05:30,2021-06-16 11:25:05.077537,70.6,NA,5minute
12,BANKNIFTY2161735600CE,-1,2021-06-16 11:25:00+05:30,2021-06-16 11:25:00+05:30,2021-06-16 11:25:05.284696,52.5,NA,5minute
13,BANKNIFTY2161735700CE,-1,2021-06-16 11:25:00+05:30,2021-06-16 11:25:00+05:30,2021-06-16 11:25:05.482986,38.9,NA,5minute
14,BANKNIFTY2161735800CE,-1,2021-06-16 11:25:00+05:30,2021-06-16 11:25:00+05:30,2021-06-16 11:25:05.683952,29.6,NA,5minute
15,BANKNIFTY2161735900CE,-1,2021-06-16 11:25:00+05:30,2021-06-16 11:25:00+05:30,2021-06-16 11:25:05.862541,23.5,NA,5minute
16,BANKNIFTY2161736000CE,-1,2021-06-16 11:25:00+05:30,2021-06-16 11:25:00+05:30,2021-06-16 11:25:06.062699,19.4,NA,5minute
17,BANKNIFTY2161734500PE,1,2021-06-16 11:25:00+05:30,2021-06-16 11:25:00+05:30,2021-06-16 11:25:07.679688,46.45,NA,5minute
18,BANKNIFTY2161734300PE,1,2021-06-16 11:25:00+05:30,2021-06-16 11:25:00+05:30,2021-06-16 11:25:08.067226,29.5,NA,5minute
19,BANKNIFTY2161734200PE,1,2021-06-16 11:25:00+05:30,2021-06-16 11:25:00+05:30,2021-06-16 11:25:08.549679,24.45,NA,5minute
20,BANKNIFTY2161734100PE,1,2021-06-16 11:25:00+05:30,2021-06-16 11:25:00+05:30,2021-06-16 11:25:08.734205,20.65,NA,5minute
21,NIFTY2161715800CE,-1,2021-06-16 11:20:00+05:30,2021-06-16 11:20:00+05:30,2021-06-16 11:25:09.096169,58.45,NA,5minute
22,NIFTY2161715850CE,-1,2021-06-16 11:20:00+05:30,2021-06-16 11:20:00+05:30,2021-06-16 11:25:09.292610,35.95,NA,5minute
23,NIFTY2161715900CE,-1,2021-06-16 11:20:00+05:30,2021-06-16 11:20:00+05:30,2021-06-16 11:25:09.484802,20.8,NA,5minute
24,NIFTY2161716000CE,-1,2021-06-16 11:25:00+05:30,2021-06-16 11:25:00+05:30,2021-06-16 11:25:09.875786,6.45,NA,5minute
25,NIFTY2161716200CE,-1,2021-06-16 11:25:00+05:30,2021-06-16 11:25:00+05:30,2021-06-16 11:25:10.621077,2.1,NA,5minute
26,NIFTY2161715700PE,1,2021-06-16 11:20:00+05:30,2021-06-16 11:20:00+05:30,2021-06-16 11:25:10.982249,23.8,NA,5minute
27,NIFTY2161715650PE,-1,2021-06-16 11:25:00+05:30,2021-06-16 11:25:00+05:30,2021-06-16 11:25:11.164837,14.1,NA,5minute
28,NIFTY2161715600PE,-1,2021-06-16 11:25:00+05:30,2021-06-16 11:25:00+05:30,2021-06-16 11:25:11.343534,8.9,NA,5minute
29,NIFTY2161715550PE,-1,2021-06-16 11:25:00+05:30,2021-06-16 11:25:00+05:30,2021-06-16 11:25:11.534343,5.75,NA,5minute
30,NIFTY2161715300PE,-1,2021-06-16 11:25:00+05:30,2021-06-16 11:25:00+05:30,2021-06-16 11:25:12.785641,2.55,NA,5minute
31,BANKNIFTY2161735200CE,-1,2021-06-16 11:20:00+05:30,2021-06-16 11:20:00+05:30,2021-06-16 11:25:13.307318,169.0,NA,5minute
32,BANKNIFTY2161735300CE,-1,2021-06-16 11:20:00+05:30,2021-06-16 11:20:00+05:30,2021-06-16 11:25:13.492419,128.0,NA,5minute
33,BANKNIFTY2161735500CE,-1,2021-06-16 11:25:00+05:30,2021-06-16 11:25:00+05:30,2021-06-16 11:25:13.871024,70.6,NA,5minute
34,BANKNIFTY2161735600CE,-1,2021-06-16 11:25:00+05:30,2021-06-16 11:25:00+05:30,2021-06-16 11:25:14.060078,52.5,NA,5minute
35,BANKNIFTY2161735700CE,-1,2021-06-16 11:25:00+05:30,2021-06-16 11:25:00+05:30,2021-06-16 11:25:14.247293,38.85,NA,5minute
36,BANKNIFTY2161735800CE,-1,2021-06-16 11:25:00+05:30,2021-06-16 11:25:00+05:30,2021-06-16 11:25:14.423812,29.75,NA,5minute
37,BANKNIFTY2161735900CE,-1,2021-06-16 11:25:00+05:30,2021-06-16 11:25:00+05:30,2021-06-16 11:25:14.603069,23.65,NA,5minute
38,BANKNIFTY2161736000CE,-1,2021-06-16 11:25:00+05:30,2021-06-16 11:25:00+05:30,2021-06-16 11:25:14.778508,19.4,NA,5minute
39,BANKNIFTY2161734500PE,1,2021-06-16 11:25:00+05:30,2021-06-16 11:25:00+05:30,2021-06-16 11:25:16.068702,46.55,NA,5minute
40,BANKNIFTY2161734300PE,1,2021-06-16 11:25:00+05:30,2021-06-16 11:25:00+05:30,2021-06-16 11:25:16.439316,29.5,NA,5minute
41,BANKNIFTY2161734200PE,1,2021-06-16 11:25:00+05:30,2021-06-16 11:25:00+05:30,2021-06-16 11:25:16.617453,24.5,NA,5minute
42,BANKNIFTY2161734100PE,1,2021-06-16 11:25:00+05:30,2021-06-16 11:25:00+05:30,2021-06-16 11:25:16.795070,20.65,NA,5minute
43,NIFTY2161715800CE,-1,2021-06-16 11:25:00+05:30,2021-06-16 11:25:00+05:30,2021-06-16 11:30:00.350233,58.9,NA,5minute
44,NIFTY2161715850CE,-1,2021-06-16 11:25:00+05:30,2021-06-16 11:25:00+05:30,2021-06-16 11:30:00.545257,36.5,NA,5minute
45,NIFTY2161715900CE,-1,2021-06-16 11:25:00+05:30,2021-06-16 11:25:00+05:30,2021-06-16 11:30:00.757210,21.2,NA,5minute
46,NIFTY2161715950CE,-1,2021-06-16 11:25:00+05:30,2021-06-16 11:25:00+05:30,2021-06-16 11:30:00.969426,11.4,NA,5minute
47,NIFTY2161716000CE,-1,2021-06-16 11:30:00+05:30,2021-06-16 11:30:00+05:30,2021-06-16 11:30:01.293351,6.35,NA,5minute
48,NIFTY2161715650PE,-1,2021-06-16 11:30:00+05:30,2021-06-16 11:30:00+05:30,2021-06-16 11:30:02.654502,13.45,NA,5minute
49,NIFTY2161715600PE,-1,2021-06-16 11:30:00+05:30,2021-06-16 11:30:00+05:30,2021-06-16 11:30:02.857913,8.5,NA,5minute
50,NIFTY2161715550PE,-1,2021-06-16 11:30:00+05:30,2021-06-16 11:30:00+05:30,2021-06-16 11:30:03.053366,5.55,NA,5minute
51,NIFTY2161715300PE,-1,2021-06-16 11:30:00+05:30,2021-06-16 11:30:00+05:30,2021-06-16 11:30:04.081443,2.55,NA,5minute
52,BANKNIFTY2161735200CE,-1,2021-06-16 11:25:00+05:30,2021-06-16 11:25:00+05:30,2021-06-16 11:30:04.573682,177.85,NA,5minute
53,BANKNIFTY2161735300CE,-1,2021-06-16 11:25:00+05:30,2021-06-16 11:25:00+05:30,2021-06-16 11:30:04.765446,135.2,NA,5minute
54,BANKNIFTY2161735500CE,-1,2021-06-16 11:25:00+05:30,2021-06-16 11:25:00+05:30,2021-06-16 11:30:05.411025,75.2,NA,5minute
55,BANKNIFTY2161735700CE,-1,2021-06-16 11:30:00+05:30,2021-06-16 11:30:00+05:30,2021-06-16 11:30:05.793541,40.8,NA,5minute
56,BANKNIFTY2161735800CE,-1,2021-06-16 11:30:00+05:30,2021-06-16 11:30:00+05:30,2021-06-16 11:30:05.982777,30.85,NA,5minute
57,BANKNIFTY2161735900CE,-1,2021-06-16 11:25:00+05:30,2021-06-16 11:25:00+05:30,2021-06-16 11:30:06.178604,24.35,NA,5minute
58,BANKNIFTY2161736000CE,-1,2021-06-16 11:30:00+05:30,2021-06-16 11:30:00+05:30,2021-06-16 11:30:06.369998,19.8,NA,5minute
59,BANKNIFTY2161734100PE,-1,2021-06-16 11:30:00+05:30,2021-06-16 11:30:00+05:30,2021-06-16 11:30:08.524896,18.7,NA,5minute
0,NIFTY2161715800CE,-1,2021-06-16 11:20:00+05:30,2021-06-16 11:20:00+05:30,2021-06-16 11:25:00.343837,58.45,NA,5minute
1,NIFTY2161715850CE,-1,2021-06-16 11:20:00+05:30,2021-06-16 11:20:00+05:30,2021-06-16 11:25:00.544634,35.95,NA,5minute
2,NIFTY2161715900CE,-1,2021-06-16 11:20:00+05:30,2021-06-16 11:20:00+05:30,2021-06-16 11:25:00.749276,20.8,NA,5minute
3,NIFTY2161716000CE,-1,2021-06-16 11:20:00+05:30,2021-06-16 11:20:00+05:30,2021-06-16 11:25:01.126421,6.4,NA,5minute
4,NIFTY2161715700PE,1,2021-06-16 11:20:00+05:30,2021-06-16 11:20:00+05:30,2021-06-16 11:25:02.329290,23.8,NA,5minute
5,NIFTY2161715650PE,-1,2021-06-16 11:25:00+05:30,2021-06-16 11:25:00+05:30,2021-06-16 11:25:02.531183,14.1,NA,5minute
6,NIFTY2161715600PE,-1,2021-06-16 11:25:00+05:30,2021-06-16 11:25:00+05:30,2021-06-16 11:25:02.736726,8.9,NA,5minute
7,NIFTY2161715550PE,-1,2021-06-16 11:25:00+05:30,2021-06-16 11:25:00+05:30,2021-06-16 11:25:03.010018,5.8,NA,5minute
8,NIFTY2161715300PE,-1,2021-06-16 11:25:00+05:30,2021-06-16 11:25:00+05:30,2021-06-16 11:25:03.944088,2.6,NA,5minute
9,BANKNIFTY2161735200CE,-1,2021-06-16 11:20:00+05:30,2021-06-16 11:20:00+05:30,2021-06-16 11:25:04.477394,168.4,NA,5minute
10,BANKNIFTY2161735300CE,-1,2021-06-16 11:20:00+05:30,2021-06-16 11:20:00+05:30,2021-06-16 11:25:04.671614,127.3,NA,5minute
11,BANKNIFTY2161735500CE,-1,2021-06-16 11:25:00+05:30,2021-06-16 11:25:00+05:30,2021-06-16 11:25:05.077537,70.6,NA,5minute
12,BANKNIFTY2161735600CE,-1,2021-06-16 11:25:00+05:30,2021-06-16 11:25:00+05:30,2021-06-16 11:25:05.284696,52.5,NA,5minute
13,BANKNIFTY2161735700CE,-1,2021-06-16 11:25:00+05:30,2021-06-16 11:25:00+05:30,2021-06-16 11:25:05.482986,38.9,NA,5minute
14,BANKNIFTY2161735800CE,-1,2021-06-16 11:25:00+05:30,2021-06-16 11:25:00+05:30,2021-06-16 11:25:05.683952,29.6,NA,5minute
15,BANKNIFTY2161735900CE,-1,2021-06-16 11:25:00+05:30,2021-06-16 11:25:00+05:30,2021-06-16 11:25:05.862541,23.5,NA,5minute
16,BANKNIFTY2161736000CE,-1,2021-06-16 11:25:00+05:30,2021-06-16 11:25:00+05:30,2021-06-16 11:25:06.062699,19.4,NA,5minute
17,BANKNIFTY2161734500PE,1,2021-06-16 11:25:00+05:30,2021-06-16 11:25:00+05:30,2021-06-16 11:25:07.679688,46.45,NA,5minute
18,BANKNIFTY2161734300PE,1,2021-06-16 11:25:00+05:30,2021-06-16 11:25:00+05:30,2021-06-16 11:25:08.067226,29.5,NA,5minute
19,BANKNIFTY2161734200PE,1,2021-06-16 11:25:00+05:30,2021-06-16 11:25:00+05:30,2021-06-16 11:25:08.549679,24.45,NA,5minute
20,BANKNIFTY2161734100PE,1,2021-06-16 11:25:00+05:30,2021-06-16 11:25:00+05:30,2021-06-16 11:25:08.734205,20.65,NA,5minute
21,NIFTY2161715800CE,-1,2021-06-16 11:20:00+05:30,2021-06-16 11:20:00+05:30,2021-06-16 11:25:09.096169,58.45,NA,5minute
22,NIFTY2161715850CE,-1,2021-06-16 11:20:00+05:30,2021-06-16 11:20:00+05:30,2021-06-16 11:25:09.292610,35.95,NA,5minute
23,NIFTY2161715900CE,-1,2021-06-16 11:20:00+05:30,2021-06-16 11:20:00+05:30,2021-06-16 11:25:09.484802,20.8,NA,5minute
24,NIFTY2161716000CE,-1,2021-06-16 11:25:00+05:30,2021-06-16 11:25:00+05:30,2021-06-16 11:25:09.875786,6.45,NA,5minute
25,NIFTY2161716200CE,-1,2021-06-16 11:25:00+05:30,2021-06-16 11:25:00+05:30,2021-06-16 11:25:10.621077,2.1,NA,5minute
26,NIFTY2161715700PE,1,2021-06-16 11:20:00+05:30,2021-06-16 11:20:00+05:30,2021-06-16 11:25:10.982249,23.8,NA,5minute
27,NIFTY2161715650PE,-1,2021-06-16 11:25:00+05:30,2021-06-16 11:25:00+05:30,2021-06-16 11:25:11.164837,14.1,NA,5minute
28,NIFTY2161715600PE,-1,2021-06-16 11:25:00+05:30,2021-06-16 11:25:00+05:30,2021-06-16 11:25:11.343534,8.9,NA,5minute
29,NIFTY2161715550PE,-1,2021-06-16 11:25:00+05:30,2021-06-16 11:25:00+05:30,2021-06-16 11:25:11.534343,5.75,NA,5minute
30,NIFTY2161715300PE,-1,2021-06-16 11:25:00+05:30,2021-06-16 11:25:00+05:30,2021-06-16 11:25:12.785641,2.55,NA,5minute
31,BANKNIFTY2161735200CE,-1,2021-06-16 11:20:00+05:30,2021-06-16 11:20:00+05:30,2021-06-16 11:25:13.307318,169.0,NA,5minute
32,BANKNIFTY2161735300CE,-1,2021-06-16 11:20:00+05:30,2021-06-16 11:20:00+05:30,2021-06-16 11:25:13.492419,128.0,NA,5minute
33,BANKNIFTY2161735500CE,-1,2021-06-16 11:25:00+05:30,2021-06-16 11:25:00+05:30,2021-06-16 11:25:13.871024,70.6,NA,5minute
34,BANKNIFTY2161735600CE,-1,2021-06-16 11:25:00+05:30,2021-06-16 11:25:00+05:30,2021-06-16 11:25:14.060078,52.5,NA,5minute
35,BANKNIFTY2161735700CE,-1,2021-06-16 11:25:00+05:30,2021-06-16 11:25:00+05:30,2021-06-16 11:25:14.247293,38.85,NA,5minute
36,BANKNIFTY2161735800CE,-1,2021-06-16 11:25:00+05:30,2021-06-16 11:25:00+05:30,2021-06-16 11:25:14.423812,29.75,NA,5minute
37,BANKNIFTY2161735900CE,-1,2021-06-16 11:25:00+05:30,2021-06-16 11:25:00+05:30,2021-06-16 11:25:14.603069,23.65,NA,5minute
38,BANKNIFTY2161736000CE,-1,2021-06-16 11:25:00+05:30,2021-06-16 11:25:00+05:30,2021-06-16 11:25:14.778508,19.4,NA,5minute
39,BANKNIFTY2161734500PE,1,2021-06-16 11:25:00+05:30,2021-06-16 11:25:00+05:30,2021-06-16 11:25:16.068702,46.55,NA,5minute
40,BANKNIFTY2161734300PE,1,2021-06-16 11:25:00+05:30,2021-06-16 11:25:00+05:30,2021-06-16 11:25:16.439316,29.5,NA,5minute
41,BANKNIFTY2161734200PE,1,2021-06-16 11:25:00+05:30,2021-06-16 11:25:00+05:30,2021-06-16 11:25:16.617453,24.5,NA,5minute
42,BANKNIFTY2161734100PE,1,2021-06-16 11:25:00+05:30,2021-06-16 11:25:00+05:30,2021-06-16 11:25:16.795070,20.65,NA,5minute
43,NIFTY2161715800CE,-1,2021-06-16 11:25:00+05:30,2021-06-16 11:25:00+05:30,2021-06-16 11:30:00.350233,58.9,NA,5minute
44,NIFTY2161715850CE,-1,2021-06-16 11:25:00+05:30,2021-06-16 11:25:00+05:30,2021-06-16 11:30:00.545257,36.5,NA,5minute
45,NIFTY2161715900CE,-1,2021-06-16 11:25:00+05:30,2021-06-16 11:25:00+05:30,2021-06-16 11:30:00.757210,21.2,NA,5minute
46,NIFTY2161715950CE,-1,2021-06-16 11:25:00+05:30,2021-06-16 11:25:00+05:30,2021-06-16 11:30:00.969426,11.4,NA,5minute
47,NIFTY2161716000CE,-1,2021-06-16 11:30:00+05:30,2021-06-16 11:30:00+05:30,2021-06-16 11:30:01.293351,6.35,NA,5minute
48,NIFTY2161715650PE,-1,2021-06-16 11:30:00+05:30,2021-06-16 11:30:00+05:30,2021-06-16 11:30:02.654502,13.45,NA,5minute
49,NIFTY2161715600PE,-1,2021-06-16 11:30:00+05:30,2021-06-16 11:30:00+05:30,2021-06-16 11:30:02.857913,8.5,NA,5minute
50,NIFTY2161715550PE,-1,2021-06-16 11:30:00+05:30,2021-06-16 11:30:00+05:30,2021-06-16 11:30:03.053366,5.55,NA,5minute
51,NIFTY2161715300PE,-1,2021-06-16 11:30:00+05:30,2021-06-16 11:30:00+05:30,2021-06-16 11:30:04.081443,2.55,NA,5minute
52,BANKNIFTY2161735200CE,-1,2021-06-16 11:25:00+05:30,2021-06-16 11:25:00+05:30,2021-06-16 11:30:04.573682,177.85,NA,5minute
53,BANKNIFTY2161735300CE,-1,2021-06-16 11:25:00+05:30,2021-06-16 11:25:00+05:30,2021-06-16 11:30:04.765446,135.2,NA,5minute
54,BANKNIFTY2161735500CE,-1,2021-06-16 11:25:00+05:30,2021-06-16 11:25:00+05:30,2021-06-16 11:30:05.411025,75.2,NA,5minute
55,BANKNIFTY2161735700CE,-1,2021-06-16 11:30:00+05:30,2021-06-16 11:30:00+05:30,2021-06-16 11:30:05.793541,40.8,NA,5minute
56,BANKNIFTY2161735800CE,-1,2021-06-16 11:30:00+05:30,2021-06-16 11:30:00+05:30,2021-06-16 11:30:05.982777,30.85,NA,5minute
57,BANKNIFTY2161735900CE,-1,2021-06-16 11:25:00+05:30,2021-06-16 11:25:00+05:30,2021-06-16 11:30:06.178604,24.35,NA,5minute
58,BANKNIFTY2161736000CE,-1,2021-06-16 11:30:00+05:30,2021-06-16 11:30:00+05:30,2021-06-16 11:30:06.369998,19.8,NA,5minute
59,BANKNIFTY2161734100PE,-1,2021-06-16 11:30:00+05:30,2021-06-16 11:30:00+05:30,2021-06-16 11:30:08.524896,18.7,NA,5minute
60,NIFTY2161715800CE,-1,2021-06-16 11:25:00+05:30,2021-06-16 11:25:00+05:30,2021-06-16 11:30:08.866834,58.9,NA,5minute
61,NIFTY2161715900CE,-1,2021-06-16 11:25:00+05:30,2021-06-16 11:25:00+05:30,2021-06-16 11:30:09.226712,21.2,NA,5minute
62,NIFTY2161715950CE,-1,2021-06-16 11:30:00+05:30,2021-06-16 11:30:00+05:30,2021-06-16 11:30:09.405568,11.3,NA,5minute
63,NIFTY2161716000CE,-1,2021-06-16 11:25:00+05:30,2021-06-16 11:25:00+05:30,2021-06-16 11:30:09.643866,6.4,NA,5minute
64,NIFTY2161715650PE,-1,2021-06-16 11:30:00+05:30,2021-06-16 11:30:00+05:30,2021-06-16 11:30:11.016448,13.4,NA,5minute
65,NIFTY2161715600PE,-1,2021-06-16 11:30:00+05:30,2021-06-16 11:30:00+05:30,2021-06-16 11:30:11.210453,8.5,NA,5minute
66,NIFTY2161715550PE,-1,2021-06-16 11:25:00+05:30,2021-06-16 11:25:00+05:30,2021-06-16 11:30:11.413776,5.5,NA,5minute
67,NIFTY2161715300PE,-1,2021-06-16 11:30:00+05:30,2021-06-16 11:30:00+05:30,2021-06-16 11:30:12.356748,2.55,NA,5minute
68,BANKNIFTY2161735200CE,-1,2021-06-16 11:25:00+05:30,2021-06-16 11:25:00+05:30,2021-06-16 11:30:12.862212,177.85,NA,5minute
69,BANKNIFTY2161735300CE,-1,2021-06-16 11:25:00+05:30,2021-06-16 11:25:00+05:30,2021-06-16 11:30:13.038393,135.2,NA,5minute
70,BANKNIFTY2161735500CE,-1,2021-06-16 11:25:00+05:30,2021-06-16 11:25:00+05:30,2021-06-16 11:30:13.403100,75.2,NA,5minute
71,BANKNIFTY2161735700CE,-1,2021-06-16 11:30:00+05:30,2021-06-16 11:30:00+05:30,2021-06-16 11:30:13.760524,40.8,NA,5minute
72,BANKNIFTY2161735800CE,-1,2021-06-16 11:30:00+05:30,2021-06-16 11:30:00+05:30,2021-06-16 11:30:13.958097,30.85,NA,5minute
73,BANKNIFTY2161735900CE,-1,2021-06-16 11:30:00+05:30,2021-06-16 11:30:00+05:30,2021-06-16 11:30:14.143003,24.2,NA,5minute
74,BANKNIFTY2161736000CE,-1,2021-06-16 11:30:00+05:30,2021-06-16 11:30:00+05:30,2021-06-16 11:30:14.336862,19.8,NA,5minute
75,BANKNIFTY2161734100PE,-1,2021-06-16 11:30:00+05:30,2021-06-16 11:30:00+05:30,2021-06-16 11:30:16.407283,18.55,NA,5minute
